Time,638de4c468f31919048f189c; 63932c8868f319085df375bf / B1_4xAA; Soil_tension / SoilHumiditySensor,638de4c468f31919048f189c; 63932c8868f319085df375c1 / B1_4xAA; Resistance / ,638de4c468f31919048f189c; 63932c8868f319085df375c3 / B1_4xAA; Soil_temperature / SoilThermometer,638de4c468f31919048f189c; 63932c8868f319085df375c7 / B1_4xAA; Battery_voltage / BoardVoltageSensor,638de53168f31919048f189d; 63932c6e68f319085df375b5 / B2_solar_x2_03; Soil_tension / SoilHumiditySensor,638de53168f31919048f189d; 63932c6e68f319085df375bd / B2_solar_x2_03; Battery_voltage / BoardVoltageSensor,638de56a68f31919048f189e; 63932ce468f319085df375c9 / B3_solar_x1_02; Soil_tension / SoilHumiditySensor,638de56a68f31919048f189e; 63932ce468f319085df375cd / B3_solar_x1_02; Soil_temperature / SoilThermometer,638de56a68f31919048f189e; 63932ce468f319085df375d1 / B3_solar_x1_02; Battery_voltage / BoardVoltageSensor,638de57568f31919048f189f; 63932c3668f319085df375ab / B4_solar_x1_03; Soil_tension / SoilHumiditySensor,638de57568f31919048f189f; 63932c3668f319085df375b3 / B4_solar_x1_03; Battery_voltage / BoardVoltageSensor,mean_of_tension,638de53168f31919048f189d; 63932c6e68f319085df375b5 / B2_solar_x2_03; Soil_tension / SoilHumiditySensor_vol,638de56a68f31919048f189e; 63932ce468f319085df375c9 / B3_solar_x1_02; Soil_tension / SoilHumiditySensor_vol,638de57568f31919048f189f; 63932c3668f319085df375ab / B4_solar_x1_03; Soil_tension / SoilHumiditySensor_vol,mean_of_volumetric
2023-02-08 00:00:00+01:00,,,,,6.0,3.9221428571428567,12.317857142857145,28.0,4.027857142857143,9.817857142857145,4.0475,9.378571428571428,37.0,34.42053571428571,35.091071428571425,35.50386904761904
2023-02-09 00:00:00+01:00,,,,,4.6922077922077925,4.011168831168831,12.057142857142857,28.0,4.011428571428572,9.774025974025975,4.094675324675325,8.84112554112554,37.65389610389611,34.48571428571429,35.11298701298701,35.7508658008658
2023-02-10 00:00:00+01:00,,,,,0.4435897435897436,4.015384615384615,6.2749999999999995,28.0,4.0151315789473685,8.702597402597402,4.057012987012987,5.140395715395715,39.77820512820513,36.8625,35.6487012987013,37.429802142302144
2023-02-11 00:00:00+01:00,,,,,0.208,3.9958666666666667,7.331578947368421,28.0,4.029342105263158,8.860526315789475,4.084473684210526,5.466701754385966,39.896,36.33421052631579,35.56973684210526,37.26664912280702
2023-02-12 00:00:00+01:00,,,,,0.8,4.014520547945206,8.094520547945205,28.0,4.010684931506849,9.04025974025974,4.062337662337662,5.978260096068316,39.6,35.952739726027396,35.47987012987013,37.010869951965844
2023-02-13 00:00:00+01:00,,,,,1.8233766233766235,3.9992207792207792,10.368421052631579,28.0,4.04421052631579,9.196052631578947,4.094473684210526,7.1292834358623836,39.08831168831169,34.9078947368421,35.401973684210525,36.46606003645477
2023-02-14 00:00:00+01:00,,,,,2.5025974025974023,3.9616883116883117,11.13974358974359,28.0,4.019230769230769,9.314102564102564,4.057307692307692,7.652147852147852,38.7487012987013,34.7150641025641,35.342948717948715,36.268904706404705
2023-02-15 00:00:00+01:00,,,,,3.133766233766234,4.03038961038961,11.47236842105263,28.0,4.086184210526316,9.4,4.121025641025641,8.002044884939622,38.43311688311689,34.63190789473684,35.3,36.12167492595124
2023-02-16 00:00:00+01:00,,,,,3.5384615384615383,4.033461538461538,11.516666666666666,28.0,4.0548717948717945,9.5,4.092105263157895,8.185042735042735,38.230769230769226,34.62083333333334,35.25,36.03386752136752
2023-02-17 00:00:00+01:00,,,,,4.15974025974026,4.002597402597402,11.73835616438356,28.0,4.022739726027397,9.598684210526315,4.054473684210526,8.498926878216713,37.92012987012987,34.56541095890411,35.20065789473684,35.89539957459027
2023-02-18 00:00:00+01:00,,,,,4.694594594594594,3.9685135135135137,11.852564102564102,28.0,4.0830769230769235,9.671794871794871,4.126153846153847,8.73965118965119,37.6527027027027,34.53685897435898,35.16410256410256,35.78455474705475
2023-02-19 00:00:00+01:00,,,,,4.946753246753247,4.044415584415584,11.924675324675324,28.0,4.060779220779221,9.734177215189874,4.101012658227848,8.868535262206148,37.52662337662338,34.51883116883116,35.132911392405056,35.726121979286525
2023-02-20 00:00:00+01:00,,,,,5.1746835443037975,4.0478481012658225,11.96103896103896,28.0,4.0285714285714285,9.803896103896106,4.068441558441558,8.979872869746288,37.4126582278481,34.509740259740255,35.098051948051946,35.673483478546764
2023-02-21 00:00:00+01:00,,,,,5.57922077922078,4.015064935064935,12.095774647887325,28.0,4.0949295774647885,9.897297297297296,4.141351351351351,9.190764241468466,37.21038961038961,34.476056338028165,35.05135135135135,35.57926576658971
2023-02-22 00:00:00+01:00,,,,,5.858974358974359,3.9941025641025645,12.183783783783785,28.0,4.073783783783783,9.992307692307692,4.111794871794872,9.345021945021946,37.07051282051282,34.45405405405405,35.003846153846155,35.50947100947101
2023-02-23 00:00:00+01:00,,,,,5.028205128205128,4.0503846153846155,12.140506329113924,28.0,4.033291139240506,10.01518987341772,4.076075949367088,9.061300443578924,37.485897435897435,34.46487341772151,34.99620253164557,35.64899112842151
2023-02-24 00:00:00+01:00,,,,,0.5333333333333333,4.052179487179487,6.779220779220779,28.0,4.073246753246753,9.116666666666667,4.131666666666667,5.476406926406926,39.733333333333334,36.61038961038961,35.44166666666666,37.26179653679654
2023-02-25 00:00:00+01:00,,,,,0.2564102564102564,4.015641025641025,7.416666666666667,28.0,4.0419230769230765,9.254430379746836,4.099240506329114,5.642502434274586,39.871794871794876,36.291666666666664,35.372784810126575,37.178748782862705
2023-02-26 00:00:00+01:00,,,,,1.2554054054054056,3.9893243243243246,8.608,28.0,4.0363999999999995,9.422077922077921,4.056103896103896,6.428494442494443,39.3722972972973,35.696,35.288961038961034,36.78575277875278
2023-02-27 00:00:00+01:00,,,,,2.473417721518987,4.050506329113924,11.35974025974026,28.0,4.03,9.523376623376622,4.1085714285714285,7.785511534878623,38.76329113924051,34.66006493506493,35.23831168831168,36.22055592087238
2023-02-28 00:00:00+01:00,,,,,3.210526315789474,4.029473684210527,11.528571428571428,28.0,4.054935064935065,9.602564102564102,4.073846153846154,8.113887282308335,38.39473684210527,34.61785714285714,35.19871794871794,36.07043731122678
2023-03-01 00:00:00+01:00,,,,,4.028205128205128,4.005,11.815584415584414,28.0,4.028311688311688,9.7,4.101392405063291,8.514596514596514,37.985897435897435,34.546103896103894,35.15,35.89400044400045
2023-03-02 00:00:00+01:00,,,,,4.3276315789473685,3.978684210526316,11.938157894736841,28.0,4.048026315789474,9.782666666666668,4.062933333333333,8.682818713450292,37.83618421052631,34.51546052631579,35.108666666666664,35.82010380116959
2023-03-03 00:00:00+01:00,,,,,1.0831168831168831,4.036623376623377,6.166233766233766,28.0,4.023376623376624,7.737662337662338,4.107012987012987,4.995670995670996,39.45844155844156,36.91688311688311,36.13116883116883,37.5021645021645
2023-03-04 00:00:00+01:00,,,,,0.0,4.026081081081081,1.8520547945205479,28.0,4.057945205479451,7.3,4.073026315789474,3.0506849315068494,40.0,39.07397260273973,36.35,38.474657534246575
2023-03-05 00:00:00+01:00,,,,,0.36025641025641025,4.000128205128205,3.1266666666666665,28.0,4.031066666666667,8.859210526315788,4.096315789473684,4.115377867746289,39.819871794871794,38.43666666666667,35.570394736842104,37.942311066126855
2023-03-06 00:00:00+01:00,,,,,0.38974358974358975,3.9666666666666672,4.094666666666667,28.0,4.0524000000000004,8.966666666666667,4.101866666666666,4.483692307692308,39.80512820512821,37.952666666666666,35.516666666666666,37.75815384615385
2023-03-07 00:00:00+01:00,,,,,0.2736842105263158,4.042763157894737,1.5558441558441558,28.0,4.040909090909091,6.19102564102564,4.07051282051282,2.67351800246537,39.863157894736844,39.22207792207792,36.90448717948718,38.663240998767314
2023-03-08 00:00:00+01:00,,,,,0.0,4.041538461538462,0.0,28.0,4.091621621621622,5.203797468354431,4.132658227848101,1.7345991561181435,40.0,40.0,37.39810126582279,39.13270042194093
2023-03-09 00:00:00+01:00,,,,,0.0,4.013333333333333,0.0,28.0,4.081408450704225,6.222784810126583,4.1048101265822785,2.0742616033755277,40.0,40.0,36.88860759493671,38.962869198312234
2023-03-10 00:00:00+01:00,,,,,0.47948717948717945,3.9816666666666665,0.13611111111111113,28.0,4.032916666666667,6.81038961038961,4.121558441558442,2.4753293003293,39.76025641025641,39.93194444444445,36.59480519480519,38.76233534983535
2023-03-11 00:00:00+01:00,,,,,0.251948051948052,4.058441558441558,2.011842105263158,28.0,4.094736842105263,7.6269230769230765,4.12948717948718,3.2969044113780956,39.874025974025976,38.99407894736842,36.18653846153846,38.35154779431095
2023-03-12 00:00:00+01:00,,,,,0.6692307692307693,4.050512820512821,3.3337662337662337,28.0,4.069090909090909,8.087341772151898,4.087974683544304,4.030112925049633,39.66538461538462,38.33311688311689,35.95632911392405,37.98494353747518
2023-03-13 00:00:00+01:00,,,,,0.2688311688311688,4.02,1.4753246753246754,28.0,4.033376623376624,4.701265822784809,4.1346835443037975,2.148473888980218,39.865584415584415,39.262337662337664,37.64936708860759,38.92576305550989
2023-03-14 00:00:00+01:00,,,,,0.0,3.9971428571428573,0.0,28.0,4.097272727272728,3.932911392405063,4.1092405063291135,1.310970464135021,40.0,40.0,38.03354430379747,39.34451476793249
2023-03-15 00:00:00+01:00,,,,,0.0,4.057848101265822,0.184,28.0,4.065333333333333,5.625974025974026,4.064935064935065,1.9366580086580087,40.0,39.908,37.187012987012984,39.03167099567099
2023-03-16 00:00:00+01:00,,,,,0.03766233766233766,4.041558441558442,0.4012987012987013,28.0,4.0325974025974025,4.452564102564103,4.1292307692307695,1.6305083805083804,39.98116883116884,39.79935064935065,37.77371794871795,39.18474580974581
2023-03-17 00:00:00+01:00,,,,,0.0,4.014545454545455,0.0,28.0,4.017272727272727,3.4545454545454546,4.092727272727273,1.1515151515151516,40.0,40.0,38.27272727272727,39.42424242424243
2023-03-18 00:00:00+01:00,,,,,,,,,,,,,,,,
2023-03-19 00:00:00+01:00,,,,,,,,,,,,,,,,
2023-03-20 00:00:00+01:00,,,,,,,,,,,,,,,,
2023-03-21 00:00:00+01:00,,,,,,,,,,,,,,,,
2023-03-22 00:00:00+01:00,,,,,,,,,,,,,,,,
2023-03-23 00:00:00+01:00,,,,,,,,,,,,,,,,
2023-03-24 00:00:00+01:00,,,,,2.2,4.0089999999999995,6.444444444444445,28.0,4.06,9.8,4.123,6.148148148148149,38.9,36.77777777777778,35.099999999999994,36.925925925925924
2023-03-25 00:00:00+01:00,,,,,2.1126582278481014,3.993924050632911,6.835211267605634,28.0,4.04830985915493,9.88974358974359,4.111410256410257,6.279204361732442,38.94367088607595,36.58239436619718,35.055128205128206,36.86039781913377
2023-03-26 00:00:00+01:00,,,,,0.0,4.072266666666667,0.0,28.0,4.107105263157894,9.276623376623377,4.152857142857143,3.0922077922077924,40.0,40.0,35.36168831168831,38.453896103896106
2023-03-27 00:00:00+01:00,,,,,0.0,4.061298701298701,0.0,28.0,4.085675675675676,5.785897435897436,4.1101282051282055,1.9286324786324787,40.0,40.0,37.10705128205129,39.03568376068376
2023-03-28 00:00:00+01:00,,,,,0.0,4.0216666666666665,0.0,28.0,4.040641025641026,7.232911392405063,4.070379746835443,2.410970464135021,40.0,40.0,36.383544303797464,38.79451476793249
2023-03-29 00:00:00+01:00,,,,,0.2050632911392405,3.998227848101266,0.19240506329113927,28.0,4.094430379746835,6.811538461538461,4.13525641025641,2.403002271989614,39.89746835443038,39.90379746835443,36.59423076923077,38.79849886400519
2023-03-30 00:00:00+01:00,,,,,0.0,4.075,0.0,28.0,4.082207792207792,3.8605263157894734,4.108684210526316,1.2868421052631578,40.0,40.0,38.069736842105264,39.356578947368426
2023-03-31 00:00:00+01:00,,,,,0.0,4.0644871794871795,0.0,28.0,4.04578947368421,5.279220779220779,4.096623376623376,1.7597402597402596,40.0,40.0,37.36038961038961,39.120129870129865
2023-04-01 00:00:00+01:00,,,,,0.1962025316455696,4.02367088607595,0.06282051282051282,28.0,4.119743589743591,6.364473684210526,4.074868421052631,2.2078322428922026,39.901898734177216,39.968589743589746,36.81776315789473,38.8960838785539
2023-04-02 00:00:00+01:00,,,,,0.11772151898734177,3.991392405063291,0.882051282051282,28.0,4.076025641025641,7.641025641025641,4.09025641025641,2.880266147354755,39.94113924050633,39.55897435897436,36.17948717948718,38.55986692632263
2023-04-03 00:00:00+01:00,,,,,0.0,4.046455696202531,0.2818181818181818,28.0,4.03948051948052,7.385714285714286,4.097272727272728,2.5558441558441563,40.0,39.85909090909091,36.30714285714286,38.72207792207792
2023-04-04 00:00:00+01:00,,,,,0.35714285714285715,4.026623376623377,0.6776315789473685,28.0,4.068552631578947,7.85064935064935,4.065064935064935,2.961807928913192,39.82142857142858,39.661184210526315,36.074675324675326,38.519096035543406
2023-04-05 00:00:00+01:00,,,,,0.3298701298701299,4.0,1.4486842105263158,28.0,4.0464473684210525,8.201315789473684,4.108552631578948,3.326623376623376,39.835064935064935,39.275657894736845,35.89934210526315,38.336688311688306
2023-04-06 00:00:00+01:00,,,,,0.46582278481012657,3.9839240506329117,2.814285714285714,28.0,4.071558441558442,9.032467532467532,4.074675324675325,4.104192010521124,39.76708860759494,38.59285714285715,35.48376623376623,37.94790399473944
2023-04-07 00:00:00+01:00,,,,,0.7397435897435897,3.962692307692308,4.300000000000001,28.0,4.07961038961039,9.476923076923077,4.09948717948718,4.8388888888888895,39.63012820512821,37.85,35.261538461538464,37.580555555555556
2023-04-08 00:00:00+01:00,,,,,0.6531645569620254,4.059746835443038,3.605128205128205,28.0,4.048205128205128,7.366666666666667,4.070384615384616,3.8749864762522996,39.67341772151899,38.1974358974359,36.31666666666666,38.062506761873856
2023-04-09 00:00:00+01:00,,,,,0.0,4.043766233766234,0.0,28.0,4.0869333333333335,4.885714285714285,4.123896103896104,1.6285714285714283,40.0,40.0,37.55714285714286,39.18571428571428
2023-04-10 00:00:00+01:00,,,,,0.0,4.012727272727272,0.3802631578947368,28.0,4.059210526315789,6.6986842105263165,4.092236842105263,2.3596491228070176,40.0,39.809868421052634,36.650657894736845,38.82017543859649
2023-04-11 00:00:00+01:00,,,,,0.3714285714285714,3.986493506493507,1.3064102564102564,28.0,4.07923076923077,8.243037974683546,4.110759493670886,3.3069589341741246,39.81428571428572,39.34679487179487,35.87848101265823,38.34652053291294
2023-04-12 00:00:00+01:00,,,,,0.2708860759493671,4.076582278481013,2.8860759493670884,28.0,4.103544303797468,9.396202531645569,4.099493670886076,4.184388185654008,39.86455696202532,38.55696202531645,35.301898734177215,37.90780590717299
2023-04-13 00:00:00+01:00,,,,,0.09090909090909091,4.062857142857142,2.941095890410959,28.0,4.06068493150685,10.001333333333333,4.13,4.344446104884461,39.95454545454546,38.52945205479452,34.99966666666666,37.82788805866888
2023-04-14 00:00:00+01:00,,,,,0.23815789473684207,4.021710526315789,2.9698630136986304,28.0,4.067808219178082,10.026315789473685,4.085131578947368,4.411445565969719,39.88092105263158,38.515068493150686,34.99342105263158,37.79647019947129
2023-04-15 00:00:00+01:00,,,,,0.053246753246753244,3.9977922077922075,1.6246753246753247,28.0,4.083636363636364,10.136,4.098533333333333,3.9379740259740257,39.97337662337663,39.18766233766234,34.965999999999994,38.04234632034632
2023-04-16 00:00:00+01:00,,,,,0.0,4.041645569620253,1.4192307692307693,28.0,4.037179487179487,10.091139240506328,4.071012658227848,3.836790003245699,40.0,39.29038461538462,34.97721518987342,38.089199935086015
2023-04-17 00:00:00+01:00,,,,,0.17468354430379746,4.033924050632911,2.2243589743589745,28.0,4.086794871794871,10.311392405063291,4.1181012658227845,4.236811641242021,39.912658227848105,38.88782051282051,34.92215189873418,37.90754354646759
2023-04-18 00:00:00+01:00,,,,,0.0,4.006753246753247,0.4573333333333333,28.0,4.061866666666666,9.758441558441557,4.09,3.4052582972582965,40.0,39.77133333333334,35.12077922077922,38.29737085137085
2023-04-19 00:00:00+01:00,,,,,0.0,3.980379746835443,0.15,28.0,4.074605263157895,9.728947368421052,4.14,3.2929824561403507,40.0,39.925,35.13552631578947,38.353508771929825
2023-04-20 00:00:00+01:00,,,,,0.0,4.017333333333333,0.377027027027027,28.0,4.054459459459459,8.435526315789474,4.107105263157894,2.9375177809388338,40.0,39.81148648648649,35.78223684210526,38.53124110953058
2023-04-21 00:00:00+01:00,,,,,0.0,4.006202531645569,0.029113924050632914,28.0,4.058860759493671,8.525641025641026,4.074102564102564,2.8515849832305524,40.0,39.98544303797469,35.73717948717949,38.574207508384724
2023-04-22 00:00:00+01:00,,,,,0.0,3.957974683544304,1.1835443037974684,28.0,4.049367088607594,10.136363636363637,4.127272727272727,3.7733026467203685,40.0,39.40822784810127,34.965909090909086,38.12471231300345
2023-04-23 00:00:00+01:00,,,,,0.17435897435897435,4.044871794871795,2.6675324675324674,28.0,4.034935064935065,10.356962025316456,4.087215189873418,4.399617822402632,39.91282051282051,38.666233766233766,34.91075949367088,37.82993792424172
2023-04-24 00:00:00+01:00,,,,,0.030555555555555558,4.030138888888889,1.7271428571428573,28.0,4.116142857142857,10.443661971830986,4.0974647887323945,4.067120128176466,39.984722222222224,39.136428571428574,34.88908450704225,38.00341176689768
2023-04-25 00:00:00+01:00,,,,,0.0,4.002372881355932,1.0338983050847457,28.0,4.096949152542373,9.917741935483871,4.080967741935484,3.6505467468562056,40.0,39.483050847457626,35.04112903225806,38.174726626571896
2023-04-26 00:00:00+01:00,,,,,0.0,4.08,1.1032786885245902,28.0,4.057868852459016,10.523076923076923,4.162307692307692,3.8754518705338374,40.0,39.44836065573771,34.86923076923077,38.10586380832282
2023-04-27 00:00:00+01:00,,,,,0.0,4.05576923076923,1.1582278481012658,28.0,4.121012658227849,10.781012658227848,4.120886075949367,3.979746835443038,40.0,39.42088607594937,34.804746835443034,38.075210970464134
2023-04-28 00:00:00+01:00,,,,,0.0,4.026493506493507,0.7649350649350649,28.0,4.10012987012987,9.476923076923077,4.088076923076923,3.413952713952714,40.0,39.61753246753247,35.261538461538464,38.293023643023645
2023-04-29 00:00:00+01:00,,,,,0.0,4.003142857142857,0.10972222222222222,28.0,4.063194444444445,9.714492753623187,4.179130434782609,3.274738325281803,40.0,39.94513888888889,35.142753623188405,38.3626308373591
2023-04-30 00:00:00+01:00,,,,,0.0,4.0442465753424655,1.5616438356164384,28.0,4.103013698630137,10.8125,4.127916666666668,4.124714611872146,40.0,39.21917808219178,34.796875,38.00535102739726
2023-05-01 00:00:00+01:00,,,,,0.0,4.029342105263158,4.456410256410257,28.0,4.078974358974358,11.241558441558443,4.08961038961039,5.232656232656233,40.0,37.771794871794874,34.68961038961039,37.48713508713508
2023-05-02 00:00:00+01:00,,,,,0.0,4.0,0.0,28.0,4.04,11.342857142857143,4.051428571428572,3.7809523809523813,40.0,40.0,34.66428571428571,38.22142857142857
2023-05-03 00:00:00+01:00,,,,,,,,,,,,,,,,
2023-05-04 00:00:00+01:00,,,,,,,,,,,,,,,,
2023-05-05 00:00:00+01:00,,,,,0.0,4.003492063492064,0.054838709677419356,28.0,4.115,10.768253968253967,4.107936507936508,3.6076975593104623,40.0,39.972580645161294,34.8079365079365,38.26017238436593
2023-05-06 00:00:00+01:00,,,,,0.0,4.079493670886076,0.0,28.0,4.095641025641025,11.187341772151898,4.148227848101266,3.729113924050633,40.0,40.0,34.70316455696202,38.234388185654005
2023-05-07 00:00:00+01:00,,,,,0.0,4.057297297297296,0.2723684210526316,28.0,4.044868421052631,9.914864864864866,4.130135135135135,3.3957444286391656,40.0,39.86381578947369,35.042567567567566,38.30212778568042
2023-05-08 00:00:00+01:00,,,,,0.0,4.018051948051948,0.42207792207792205,28.0,4.018961038961039,6.789610389610389,4.072987012987013,2.4038961038961038,40.0,39.78896103896104,36.605194805194806,38.79805194805195
2023-05-09 00:00:00+01:00,,,,,0.0,3.996923076923077,0.18701298701298702,28.0,4.078051948051948,7.9363636363636365,4.099220779220779,2.707792207792208,40.0,39.906493506493504,36.03181818181818,38.646103896103895
2023-05-10 00:00:00+01:00,,,,,0.0,4.073544303797468,0.09620253164556963,28.0,4.050506329113924,9.458227848101266,4.091518987341772,3.184810126582279,40.0,39.95189873417721,35.27088607594936,38.407594936708854
2023-05-11 00:00:00+01:00,,,,,0.0,4.0451948051948055,0.6717948717948717,28.0,4.080897435897436,9.322368421052632,4.1010526315789475,3.331387764282501,40.0,39.66410256410256,35.338815789473685,38.33430611785875
2023-05-12 00:00:00+01:00,,,,,0.0,4.0125,0.0,28.0,4.051153846153846,1.2166666666666668,4.0673076923076925,0.4055555555555556,40.0,40.0,39.391666666666666,39.797222222222224
2023-05-13 00:00:00+01:00,,,,,0.0,3.995769230769231,0.0,28.0,4.104102564102564,3.5935064935064935,4.152467532467533,1.197835497835498,40.0,40.0,38.20324675324676,39.40108225108225
2023-05-14 00:00:00+01:00,,,,,0.0,4.046923076923076,0.13289473684210526,28.0,4.077368421052632,4.932467532467532,4.1036363636363635,1.688454089769879,40.0,39.93355263157895,37.53376623376624,39.15577295511506
2023-05-15 00:00:00+01:00,,,,,0.46025641025641023,4.028205128205128,0.8316455696202532,28.0,4.032151898734178,6.165384615384615,4.1191025641025645,2.485762198420426,39.7698717948718,39.584177215189875,36.917307692307695,38.757118900789784
2023-05-16 00:00:00+01:00,,,,,0.3342465753424657,4.000684931506849,0.932876712328767,28.0,4.075616438356164,7.087671232876712,4.096849315068493,2.784931506849315,39.83287671232877,39.53356164383562,36.45616438356164,38.60753424657535
2023-05-17 00:00:00+01:00,,,,,0.11710526315789474,3.974736842105264,0.8177215189873417,28.0,4.052151898734177,7.820253164556961,4.0777215189873415,2.918359982234066,39.94144736842106,39.59113924050633,36.08987341772152,38.54082000888297
2023-05-18 00:00:00+01:00,,,,,0.0,4.056623376623377,0.36493506493506495,28.0,4.090779220779221,8.410526315789474,4.138552631578948,2.925153793574846,40.0,39.817532467532466,35.794736842105266,38.537423103212575
2023-05-19 00:00:00+01:00,,,,,0.7051282051282052,4.036794871794872,2.6012658227848102,28.0,4.0668354430379745,9.826923076923077,4.1000000000000005,4.3777723682786975,39.6474358974359,38.699367088607595,35.08653846153846,37.811113815860644
2023-05-20 00:00:00+01:00,,,,,0.38101265822784813,4.0074683544303795,5.931645569620253,28.0,4.026708860759494,10.378481012658227,4.057468354430379,5.5637130801687755,39.80949367088608,37.03417721518987,34.90537974683544,37.2496835443038
2023-05-21 00:00:00+01:00,,,,,1.6363636363636365,3.9811688311688314,9.949367088607595,28.0,4.1024050632911395,10.783544303797468,4.1205063291139234,7.456425009589566,39.18181818181819,35.0253164556962,34.804113924050625,36.337082853855
2023-05-22 00:00:00+01:00,,,,,1.38974358974359,4.070384615384616,8.951948051948051,28.0,4.079090909090909,10.882894736842106,4.095526315789473,7.074862126177916,39.305128205128206,35.524025974025975,34.77927631578947,36.53614349831455
2023-05-23 00:00:00+01:00,,,,,0.7307692307692307,4.046025641025641,6.894871794871794,28.0,4.035256410256411,10.713924050632912,4.135189873417722,6.113188358757978,39.63461538461539,36.5525641025641,34.82151898734177,37.00289949150709
2023-05-24 00:00:00+01:00,,,,,0.40389610389610386,4.0110389610389605,4.2987179487179485,28.0,4.092179487179487,8.12948717948718,4.095897435897435,4.277367077367077,39.79805194805195,37.850641025641025,35.935256410256414,37.86131646131646
2023-05-25 00:00:00+01:00,,,,,0.0,3.989493670886076,0.6641025641025641,28.0,4.053589743589744,3.8051282051282054,4.0543589743589745,1.4897435897435898,40.0,39.66794871794872,38.0974358974359,39.25512820512821
2023-05-26 00:00:00+01:00,,,,,0.0,4.05948051948052,2.081818181818182,28.0,4.028831168831169,5.705194805194806,4.1193506493506495,2.595670995670996,40.0,38.95909090909091,37.147402597402596,38.7021645021645
2023-05-27 00:00:00+01:00,,,,,0.0,4.044025974025974,3.496103896103896,28.0,4.126753246753247,7.3226666666666675,4.100666666666667,3.6062568542568543,40.0,38.251948051948055,36.33866666666666,38.19687157287157
2023-05-28 00:00:00+01:00,,,,,0.20769230769230768,4.012692307692307,5.8311688311688314,28.0,4.091688311688312,8.406493506493506,4.127402597402598,4.815118215118215,39.89615384615385,37.08441558441559,35.79675324675324,37.59244089244089
2023-05-29 00:00:00+01:00,,,,,0.7243243243243244,3.9786486486486488,7.262820512820513,28.0,4.042564102564103,9.962820512820514,4.088974358974359,5.9833217833217835,39.63783783783784,36.36858974358974,35.01858974358974,37.00833910833911
2023-05-30 00:00:00+01:00,,,,,0.6948051948051948,4.044155844155844,6.568421052631579,28.0,4.100394736842105,10.410389610389611,4.1131168831168825,5.891205285942128,39.65259740259741,36.71578947368421,34.897402597402596,37.08859649122807
2023-05-31 00:00:00+01:00,,,,,1.1276315789473685,4.026447368421053,6.729870129870131,28.0,4.066363636363636,10.555263157894736,4.0855263157894735,6.137588288904078,39.436184210526314,36.63506493506493,34.86118421052631,36.97747778537252
2023-06-01 00:00:00+01:00,,,,,0.0,3.983670886075949,0.2974683544303797,28.0,4.081139240506329,8.425316455696203,4.086582278481012,2.907594936708861,40.0,39.85126582278482,35.7873417721519,38.54620253164558
2023-06-02 00:00:00+01:00,,,,,0.0,4.057564102564102,0.3644736842105263,28.0,4.075131578947368,6.125974025974026,4.145194805194805,2.1634825700615177,40.0,39.81776315789474,36.937012987012984,38.91825871496925
2023-06-03 00:00:00+01:00,,,,,0.0,4.0397468354430375,0.06842105263157895,28.0,4.029868421052631,6.053947368421053,4.100526315789473,2.0407894736842107,40.0,39.96578947368421,36.97302631578947,38.97960526315789
2023-06-04 00:00:00+01:00,,,,,0.0,4.009090909090909,1.8354430379746836,28.0,4.069367088607595,6.941772151898734,4.056202531645569,2.9257383966244723,40.0,39.08227848101266,36.529113924050634,38.53713080168776
2023-06-05 00:00:00+01:00,,,,,0.11794871794871796,3.987820512820513,3.7708860759493668,28.0,4.044050632911393,7.627631578947369,4.1089473684210525,3.8388221242818177,39.94102564102565,38.11455696202531,36.186184210526314,38.08058893785909
2023-06-06 00:00:00+01:00,,,,,0.8571428571428571,4.039142857142857,5.957142857142857,28.0,4.123428571428572,8.538235294117648,4.12764705882353,5.11750700280112,39.57142857142858,37.02142857142857,35.73088235294117,37.44124649859944
2023-06-07 00:00:00+01:00,,,,,0.6309523809523809,4.093095238095238,4.664285714285715,28.0,4.1223809523809525,8.293478260869565,4.117173913043478,4.5295721187025535,39.68452380952382,37.667857142857144,35.85326086956522,37.73521394064873
2023-06-08 00:00:00+01:00,,,,,0.0,4.051772151898734,0.8871794871794872,28.0,4.092820512820513,4.951351351351351,4.086756756756756,1.9461769461769463,40.0,39.55641025641026,37.524324324324326,39.026911526911526
2023-06-09 00:00:00+01:00,,,,,0.0,4.022236842105263,0.0,28.0,4.056486486486486,1.6026315789473684,4.162763157894737,0.5342105263157895,40.0,40.0,39.19868421052632,39.732894736842105
2023-06-10 00:00:00+01:00,,,,,0.0,3.9934666666666665,0.5423076923076923,28.0,4.118846153846154,3.3518987341772153,4.132025316455696,1.2980688088283026,40.0,39.728846153846156,38.324050632911394,39.35096559558585
2023-06-11 00:00:00+01:00,,,,,1.0311688311688312,4.077142857142857,8.08974358974359,28.0,4.0937179487179485,5.763636363636364,4.097272727272728,4.961516261516262,39.484415584415586,35.955128205128204,37.11818181818182,37.519241869241874
2023-06-12 00:00:00+01:00,,,,,4.669620253164557,4.077215189873417,12.726666666666667,28.0,4.0873333333333335,8.728,4.1664,8.70809563994374,37.665189873417724,34.31833333333333,35.636,35.87317440225035
2023-06-13 00:00:00+01:00,,,,,1.6922077922077923,4.030649350649351,10.724675324675324,28.0,4.063766233766233,6.003896103896104,4.135324675324676,6.14025974025974,39.15389610389611,34.81883116883117,36.998051948051945,36.99025974025974
2023-06-14 00:00:00+01:00,,,,,6.5886075949367084,3.996708860759494,13.059493670886077,28.0,4.102025316455697,8.189873417721518,4.081645569620253,9.279324894514767,36.70569620253165,34.23512658227848,35.905063291139236,35.615295358649796
2023-06-15 00:00:00+01:00,,,,,11.555128205128204,4.068076923076923,15.306493506493505,28.0,4.071948051948052,10.896153846153846,4.142051282051282,12.585925185925184,34.61121794871795,33.67337662337662,34.77596153846154,34.353518703518695
2023-06-16 00:00:00+01:00,,,,,15.65128205128205,4.052564102564102,18.944155844155844,28.0,4.142207792207792,11.714473684210526,4.113026315789474,15.436637193216141,33.58717948717948,32.763961038961035,34.57138157894737,33.64084070169596
2023-06-17 00:00:00+01:00,,,,,23.064,4.024533333333334,24.799999999999997,28.0,4.111688311688312,12.993589743589743,4.0982051282051275,20.285863247863247,31.733999999999995,31.3,34.25160256410256,32.428534188034185
2023-06-18 00:00:00+01:00,,,,,32.19358974358974,4.0014102564102565,33.41012658227848,28.0,4.070379746835443,14.98607594936709,4.165696202531645,26.863264091745105,29.84331501831502,29.756419529837252,33.75348101265823,31.117738520270166
2023-06-19 00:00:00+01:00,,,,,16.477922077922077,4.07051948051948,39.31315789473685,28.0,4.144210526315789,17.55,4.154487179487179,24.44702665755297,33.380519480519474,29.33477443609022,33.1125,31.94259797220323
2023-06-20 00:00:00+01:00,,,,,0.4333333333333333,4.070384615384616,31.86883116883117,28.0,4.121168831168831,15.880769230769232,4.112692307692308,16.06097791097791,39.78333333333334,29.8665120593692,33.52980769230769,34.39321769500341
2023-06-21 00:00:00+01:00,,,,,0.4376623376623377,4.03,23.197402597402597,28.0,4.084805194805194,13.847435897435897,4.180384615384615,12.494166944166944,39.781168831168834,31.70064935064935,34.038141025641025,35.17331973581974
2023-06-22 00:00:00+01:00,,,,,1.8828947368421052,4.00421052631579,20.31168831168831,28.0,4.155324675324675,14.025,4.157236842105263,12.073194349510139,39.05855263157895,32.42207792207792,33.99375,35.15812685121895
2023-06-23 00:00:00+01:00,,,,,0.6263888888888889,4.063888888888888,14.082432432432432,28.0,4.128378378378378,13.386666666666667,4.119066666666667,9.365162662662662,39.68680555555556,33.97939189189189,34.15333333333333,35.939843593593594
2023-06-24 00:00:00+01:00,,,,,5.356756756756757,4.06054054054054,15.38961038961039,28.0,4.089350649350649,15.376623376623376,4.172467532467532,12.04099684099684,37.32162162162162,33.6525974025974,33.65584415584416,34.87668772668773
2023-06-25 00:00:00+01:00,,,,,12.197333333333333,4.024666666666667,18.28987341772152,28.0,4.152911392405063,17.88266666666667,4.1544,16.123291139240507,34.45066666666666,32.927531645569616,33.029333333333334,33.469177215189866
2023-06-26 00:00:00+01:00,,,,,21.924,4.000533333333333,29.85333333333333,28.0,4.1264,22.47432432432432,4.112837837837838,24.750552552552552,32.019,30.03666666666667,31.881418918918918,31.31236186186186
2023-06-27 00:00:00+01:00,,,,,15.689873417721518,4.071518987341772,32.225641025641025,28.0,4.091153846153846,25.49871794871795,4.165512820512821,24.471410797360164,33.57753164556962,29.84102564102564,31.125320512820508,31.51462593313859
2023-06-28 00:00:00+01:00,,,,,14.229487179487181,4.082820512820512,29.173684210526314,28.0,4.140394736842105,27.306493506493506,4.149090909090909,23.569888298835668,33.9426282051282,30.206578947368424,30.673376623376626,31.607527925291084
2023-06-29 00:00:00+01:00,,,,,24.017721518987344,4.036455696202531,34.70666666666666,28.0,4.119066666666667,33.08133333333333,4.100533333333334,30.60190717299578,31.49556962025316,29.663809523809526,29.779904761904763,30.313094635322482
2023-06-30 00:00:00+01:00,,,,,22.339473684210525,4.011578947368421,34.05131578947368,28.0,4.094078947368421,38.44605263157895,4.1775,31.612280701754386,31.915131578947364,29.710620300751877,29.39671052631579,30.34082080200501
2023-07-01 00:00:00+01:00,,,,,21.617105263157896,4.070526315789474,32.425000000000004,28.0,4.146052631578947,44.747368421052634,4.14328947368421,32.929824561403514,32.095723684210526,29.826785714285712,28.946616541353382,30.289708646616543
2023-07-02 00:00:00+01:00,,,,,2.7038961038961036,4.066233766233766,26.984415584415586,28.0,4.124155844155844,46.48947368421052,4.104342105263158,25.39259512417407,38.64805194805195,30.7538961038961,28.82218045112782,32.74137616769196
2023-07-03 00:00:00+01:00,,,,,0.0,4.019152542372881,18.828333333333333,28.0,4.078833333333333,40.489830508474576,4.155932203389831,19.772721280602635,40.0,32.79291666666666,29.250726392251813,34.01454768630615
2023-07-04 00:00:00+01:00,,,,,0.0,4.001948051948052,11.686842105263159,28.0,4.151710526315789,23.87922077922078,4.147402597402598,11.85535429482798,40.0,34.57828947368421,31.530194805194807,35.36949475962634
2023-07-05 00:00:00+01:00,,,,,0.0,4.050945945945946,0.0,28.0,4.138933333333333,11.704109589041096,4.11041095890411,3.9013698630136986,40.0,40.0,34.57397260273972,38.19132420091324
2023-07-06 00:00:00+01:00,,,,,0.0,4.04445945945946,0.0,28.0,4.103472222222222,11.587837837837839,4.184459459459459,3.862612612612613,40.0,40.0,34.60304054054053,38.20101351351351
2023-07-07 00:00:00+01:00,,,,,0.0,4.0161428571428575,0.0,28.0,4.181060606060606,13.5,4.159692307692308,4.5,40.0,40.0,34.125,38.041666666666664
2023-07-08 00:00:00+01:00,,,,,0.0,4.071780821917808,0.0,28.0,4.161917808219178,17.18918918918919,4.1235135135135135,5.72972972972973,40.0,40.0,33.2027027027027,37.734234234234236
2023-07-09 00:00:00+01:00,,,,,0.0,4.0645070422535206,0.0,28.0,4.113150684931507,20.557971014492754,4.193623188405797,6.852657004830918,40.0,40.0,32.36050724637681,37.453502415458935
2023-07-10 00:00:00+01:00,,,,,0.0,4.024683544303797,0.0,28.0,4.08657894736842,23.08243243243243,4.161216216216216,7.694144144144143,40.0,40.0,31.72939189189189,37.24313063063063
2023-07-11 00:00:00+01:00,,,,,0.0,4.027794117647058,0.0,28.0,4.164776119402985,19.801492537313433,4.13089552238806,6.600497512437811,40.0,40.0,32.54962686567164,37.51654228855721
2023-07-12 00:00:00+01:00,,,,,0.0,4.023698630136987,0.0,28.0,4.136164383561644,13.270666666666665,4.162133333333333,4.423555555555555,40.0,40.0,34.18233333333333,38.06077777777778
2023-07-13 00:00:00+01:00,,,,,0.0,4.0633333333333335,0.0,28.0,4.096533333333333,7.480555555555556,4.181111111111111,2.4935185185185187,40.0,40.0,36.25972222222222,38.75324074074074
2023-07-14 00:00:00+01:00,,,,,0.0,4.075774647887324,0.0,28.0,4.164285714285715,4.827536231884058,4.148260869565218,1.6091787439613527,40.0,40.0,37.586231884057966,39.195410628019324
2023-07-15 00:00:00+01:00,,,,,0.0,4.041666666666667,0.0,28.0,4.141764705882354,5.63,4.110714285714286,1.8766666666666667,40.0,40.0,37.185,39.06166666666667
2023-07-16 00:00:00+01:00,,,,,0.0,4.016268656716417,0.0,28.0,4.102112676056338,8.107142857142858,4.196142857142857,2.7023809523809526,40.0,40.0,35.94642857142857,38.648809523809526
2023-07-17 00:00:00+01:00,,,,,0.0,4.0782089552238805,0.0,28.0,4.1651428571428575,12.968253968253968,4.167777777777777,4.322751322751323,40.0,40.0,34.257936507936506,38.085978835978835
2023-07-18 00:00:00+01:00,,,,,0.0,4.094769230769231,0.0,28.0,4.146307692307692,14.43968253968254,4.129047619047619,4.813227513227513,40.0,40.0,33.89007936507936,37.96335978835979
2023-07-19 00:00:00+01:00,,,,,0.0,4.051406249999999,0.0,28.0,4.106307692307693,13.069230769230769,4.200923076923077,4.356410256410256,40.0,40.0,34.232692307692304,38.077564102564104
2023-07-20 00:00:00+01:00,,,,,0.0,4.0237878787878785,0.0,28.0,4.161515151515152,13.384375,4.17546875,4.461458333333334,40.0,40.0,34.15390625,38.05130208333333
2023-07-21 00:00:00+01:00,,,,,0.0,4.074,0.0,28.0,4.149818181818182,14.463461538461539,4.13673076923077,4.821153846153846,40.0,40.0,33.88413461538462,37.961378205128206
2023-07-22 00:00:00+01:00,,,,,0.0,4.08179104477612,0.0,28.0,4.110882352941177,14.971641791044776,4.150149253731343,4.990547263681592,40.0,40.0,33.7570895522388,37.91902985074626
2023-07-23 00:00:00+01:00,,,,,0.0,4.042295081967213,0.0,28.0,4.162058823529412,10.1515625,4.17125,3.383854166666667,40.0,40.0,34.962109375,38.320703125
2023-07-24 00:00:00+01:00,,,,,0.0,4.019705882352941,0.0,28.0,4.16,1.4444444444444444,4.144444444444445,0.48148148148148145,40.0,40.0,39.27777777777778,39.75925925925926
2023-07-25 00:00:00+01:00,,,,,,,,,,,,,,,,
2023-07-26 00:00:00+01:00,,,,,,,,,,,,,,,,
2023-07-27 00:00:00+01:00,,,,,,,,,,,,,,,,
2023-07-28 00:00:00+01:00,,,,,,,,,,,,,,,,
2023-07-29 00:00:00+01:00,,,,,,,,,,,,,,,,
2023-07-30 00:00:00+01:00,,,,,,,,,,,,,,,,
2023-07-31 00:00:00+01:00,,,,,,,,,,,,,,,,
2023-08-01 00:00:00+01:00,,,,,,,,,,,,,,,,
2023-08-02 00:00:00+01:00,,,,,0.0,4.042,0.0,28.0,4.141379310344828,0.0,4.112166666666666,0.0,40.0,40.0,40.0,40.0
2023-08-03 00:00:00+01:00,,,,,0.0,4.0195384615384615,0.0,28.0,4.10672131147541,0.0,4.191428571428571,0.0,40.0,40.0,40.0,40.0
2023-08-04 00:00:00+01:00,,,,,0.0,4.0655,0.0,28.0,4.1725,0.0,4.159344262295082,0.0,40.0,40.0,40.0,40.0
2023-08-05 00:00:00+01:00,,,,,0.0,4.053285714285714,0.0,28.0,4.135000000000001,0.0,4.102857142857142,0.0,40.0,40.0,40.0,40.0
2023-08-06 00:00:00+01:00,,,,,0.0,4.025342465753425,0.0,28.0,4.1028,0.0,4.165866666666667,0.0,40.0,40.0,40.0,40.0
2023-08-07 00:00:00+01:00,,,,,0.0,4.011866666666666,0.0,28.0,4.149090909090909,0.0,4.1372,0.0,40.0,40.0,40.0,40.0
2023-08-08 00:00:00+01:00,,,,,0.0,4.030540540540541,0.0,28.0,4.134666666666667,0.0,4.100533333333334,0.0,40.0,40.0,40.0,40.0
2023-08-09 00:00:00+01:00,,,,,0.0,4.029027777777777,0.0,28.0,4.097638888888889,0.0,4.1826923076923075,0.0,40.0,40.0,40.0,40.0
2023-08-10 00:00:00+01:00,,,,,0.0,4.008108108108107,0.0,28.0,4.161842105263158,0.0,4.154594594594594,0.0,40.0,40.0,40.0,40.0
2023-08-11 00:00:00+01:00,,,,,0.0,4.074520547945205,0.0,28.0,4.13082191780822,0.0,4.115342465753425,0.0,40.0,40.0,40.0,40.0
2023-08-12 00:00:00+01:00,,,,,0.0,4.078169014084507,0.0,28.0,4.092027027027027,0.0,4.170405405405406,0.0,40.0,40.0,40.0,40.0
2023-08-13 00:00:00+01:00,,,,,0.0,4.035217391304348,0.0,28.0,4.160289855072464,0.0,4.1451515151515155,0.0,40.0,40.0,40.0,40.0
2023-08-14 00:00:00+01:00,,,,,0.0,4.007999999999999,0.0,28.0,4.1272,0.0,4.1051898734177215,0.0,40.0,40.0,40.0,40.0
2023-08-15 00:00:00+01:00,,,,,0.0,4.074931506849315,0.0,28.0,4.092567567567567,0.0,4.176111111111111,0.0,40.0,40.0,40.0,40.0
2023-08-16 00:00:00+01:00,,,,,0.0,4.09,0.0,28.0,4.08,0.0,4.15,0.0,40.0,40.0,40.0,40.0
2023-08-17 00:00:00+01:00,,,,,0.8551724137931035,4.040689655172414,0.0,28.0,4.133559322033899,0.4,4.109491525423729,0.41839080459770117,39.57241379310345,40.0,39.800000000000004,39.79080459770115
2023-08-18 00:00:00+01:00,,,,,0.0,4.013999999999999,0.0,28.0,4.09948051948052,0.5561643835616439,4.1801369863013695,0.18538812785388128,40.0,40.0,39.72191780821918,39.907305936073065
2023-08-19 00:00:00+01:00,,,,,0.0,4.053026315789474,0.0,28.0,4.168783783783784,0.0,4.149066666666667,0.0,40.0,40.0,40.0,40.0
2023-08-20 00:00:00+01:00,,,,,0.0,4.039861111111112,0.0,28.0,4.140405405405406,0.0,4.111486486486487,0.0,40.0,40.0,40.0,40.0
2023-08-21 00:00:00+01:00,,,,,0.0,4.003766233766234,0.0,28.0,4.097763157894737,0.0,4.162051282051282,0.0,40.0,40.0,40.0,40.0
2023-08-22 00:00:00+01:00,,,,,0.0,4.059102564102564,0.0,28.0,4.133846153846154,0.0,4.125844155844156,0.0,40.0,40.0,40.0,40.0
2023-08-23 00:00:00+01:00,,,,,0.0,4.003164556962025,0.0,28.0,4.084810126582278,0.0,4.1197468354430375,0.0,40.0,40.0,40.0,40.0
2023-08-24 00:00:00+01:00,,,,,,,,,,,,,,,,
2023-08-25 00:00:00+01:00,,,,,0.0,4.07076923076923,0.0,28.0,4.171014492753623,0.0,4.151739130434783,0.0,40.0,40.0,40.0,40.0
2023-08-26 00:00:00+01:00,,,,,0.0,4.059868421052632,0.0,28.0,4.137671232876713,0.0,4.117916666666667,0.0,40.0,40.0,40.0,40.0
2023-08-27 00:00:00+01:00,,,,,0.0,4.027014925373134,0.0,28.0,4.1038461538461535,0.0,4.171692307692308,0.0,40.0,40.0,40.0,40.0
2023-08-28 00:00:00+01:00,,,,,0.0,4.079871794871795,0.0,28.0,4.128815789473684,0.0,4.127179487179488,0.0,40.0,40.0,40.0,40.0
2023-08-29 00:00:00+01:00,,,,,0.0,4.08253164556962,0.0,28.0,4.111025641025641,0.0,4.095696202531646,0.0,40.0,40.0,40.0,40.0
2023-08-30 00:00:00+01:00,,,,,0.0,4.042820512820512,0.0,28.0,4.076103896103897,0.0,4.162133333333333,0.0,40.0,40.0,40.0,40.0
2023-08-31 00:00:00+01:00,,,,,0.0,4.004358974358974,0.0,28.0,4.121200000000001,0.0,4.121428571428572,0.0,40.0,40.0,40.0,40.0
2023-09-01 00:00:00+01:00,,,,,0.0,4.072784810126582,0.0,28.0,4.1048101265822785,0.0,4.095316455696202,0.0,40.0,40.0,40.0,40.0
2023-09-02 00:00:00+01:00,,,,,0.0,4.073026315789474,0.0,28.0,4.071025641025641,0.0,4.167051282051283,0.0,40.0,40.0,40.0,40.0
2023-09-03 00:00:00+01:00,,,,,0.0,4.0317105263157895,0.0,28.0,4.141139240506329,0.0,4.137435897435898,0.0,40.0,40.0,40.0,40.0
2023-09-04 00:00:00+01:00,,,,,0.0,4.008076923076923,0.0,28.0,4.119473684210526,0.0,4.1078947368421055,0.0,40.0,40.0,40.0,40.0
2023-09-05 00:00:00+01:00,,,,,0.0,4.0752,0.0,28.0,4.079358974358974,0.07012987012987014,4.156493506493507,0.02337662337662338,40.0,40.0,39.96493506493507,39.98831168831169
2023-09-06 00:00:00+01:00,,,,,0.0,4.083246753246753,0.0,28.0,4.150759493670886,0.0,4.119873417721519,0.0,40.0,40.0,40.0,40.0
2023-09-07 00:00:00+01:00,,,,,0.0,4.042987012987013,0.0,28.0,4.115189873417722,0.36025641025641025,4.087179487179487,0.12008547008547009,40.0,40.0,39.819871794871794,39.939957264957265
2023-09-08 00:00:00+01:00,,,,,0.0,4.013076923076923,0.0,28.0,4.081447368421053,0.2486842105263158,4.152105263157895,0.08289473684210527,40.0,40.0,39.87565789473685,39.95855263157895
2023-09-09 00:00:00+01:00,,,,,0.0,4.017215189873418,0.0,28.0,4.15923076923077,0.4641025641025641,4.123205128205129,0.1547008547008547,40.0,40.0,39.76794871794872,39.92264957264957
2023-09-10 00:00:00+01:00,,,,,0.0,4.0047435897435895,0.0,28.0,4.123846153846154,0.5217948717948718,4.088333333333333,0.17393162393162395,40.0,40.0,39.739102564102566,39.91303418803419
2023-09-11 00:00:00+01:00,,,,,0.0,4.067692307692307,0.0,28.0,4.090533333333333,2.025333333333333,4.1568,0.6751111111111111,40.0,40.0,38.98733333333333,39.662444444444446
2023-09-12 00:00:00+01:00,,,,,0.0,4.067368421052632,0.0,28.0,4.16126582278481,0.3050632911392405,4.131012658227848,0.10168776371308018,40.0,40.0,39.84746835443038,39.94915611814346
2023-09-13 00:00:00+01:00,,,,,0.0,4.0301282051282055,0.0,28.0,4.129102564102564,0.0,4.095512820512821,0.0,40.0,40.0,40.0,40.0
2023-09-14 00:00:00+01:00,,,,,0.0,3.9956756756756757,0.042105263157894736,28.0,4.08578947368421,1.381578947368421,4.158157894736842,0.4745614035087719,40.0,39.97894736842105,39.30921052631579,39.76271929824561
2023-09-15 00:00:00+01:00,,,,,0.0,4.056052631578948,0.0,28.0,4.1657142857142855,0.09473684210526316,4.137894736842106,0.031578947368421054,40.0,40.0,39.952631578947376,39.98421052631579
2023-09-16 00:00:00+01:00,,,,,0.0,4.048076923076923,0.0,28.0,4.133924050632912,0.0,4.0943037974683545,0.0,40.0,40.0,40.0,40.0
2023-09-17 00:00:00+01:00,,,,,0.0,4.008857142857143,0.0,28.0,4.088787878787879,0.4,4.173235294117648,0.13333333333333333,40.0,40.0,39.800000000000004,39.93333333333334
2023-09-18 00:00:00+01:00,,,,,0.0,4.036075949367088,0.0,28.0,4.15974025974026,0.5298701298701299,4.145324675324675,0.17662337662337665,40.0,40.0,39.73506493506493,39.911688311688316
2023-09-19 00:00:00+01:00,,,,,0.0,4.025324675324675,0.0,28.0,4.138354430379747,0.4670886075949367,4.108481012658228,0.15569620253164557,40.0,40.0,39.766455696202534,39.92215189873418
2023-09-20 00:00:00+01:00,,,,,0.0,3.9837209302325585,0.5581395348837209,28.0,4.086046511627907,0.4785714285714286,4.152857142857143,0.3455703211517165,40.0,39.720930232558146,39.760714285714286,39.827214839424144
2023-09-21 00:00:00+01:00,,,,,0.0,4.048611111111111,0.0,28.0,4.15581081081081,0.28513513513513516,4.13918918918919,0.09504504504504506,40.0,40.0,39.85743243243243,39.95247747747748
2023-09-22 00:00:00+01:00,,,,,0.59375,4.0465625,2.857142857142857,28.0,4.124444444444444,2.3278688524590163,4.10344262295082,1.9262539032006245,39.703125,38.57142857142858,38.8360655737705,39.03687304839969
2023-09-23 00:00:00+01:00,,,,,0.0,4.008589743589743,11.387012987012987,28.0,4.086753246753247,5.612987012987013,4.148051948051948,5.666666666666667,40.0,34.653246753246755,37.1935064935065,37.282251082251086
2023-09-24 00:00:00+01:00,,,,,0.0,4.029350649350649,8.324675324675324,28.0,4.134805194805195,3.0468354430379745,4.110632911392405,3.790503589237766,40.0,35.83766233766234,38.47658227848101,38.10474820538112
2023-09-25 00:00:00+01:00,,,,,0.0,4.031923076923077,3.556,28.0,4.1033333333333335,0.2131578947368421,4.0775,1.2563859649122808,40.0,38.222,39.89342105263158,39.371807017543865
2023-09-26 00:00:00+01:00,,,,,0.0,4.001666666666667,0.7168831168831169,28.0,4.063246753246753,0.3141025641025641,4.129358974358975,0.34366189366189365,40.0,39.641558441558445,39.842948717948715,39.828169053169056
2023-09-27 00:00:00+01:00,,,,,0.0,4.070394736842105,0.0,28.0,4.141794871794872,0.03417721518987342,4.106708860759494,0.01139240506329114,40.0,40.0,39.982911392405065,39.994303797468355
2023-09-28 00:00:00+01:00,,,,,0.0,4.0734615384615385,0.0,28.0,4.109493670886076,0.011538461538461539,4.107820512820513,0.0038461538461538464,40.0,40.0,39.99423076923077,39.99807692307692
2023-09-29 00:00:00+01:00,,,,,0.0,4.032307692307692,0.0,28.0,4.074487179487179,0.011538461538461539,4.10551282051282,0.0038461538461538464,40.0,40.0,39.99423076923077,39.99807692307692
2023-09-30 00:00:00+01:00,,,,,0.0,4.003552631578947,0.0,28.0,4.145945945945946,0.2220779220779221,4.136233766233766,0.07402597402597404,40.0,40.0,39.88896103896104,39.962987012987014
2023-10-01 00:00:00+01:00,,,,,0.2702702702702703,4.067837837837837,0.0,28.0,4.111898734177215,1.123076923076923,4.128333333333333,0.4644490644490644,39.86486486486487,40.0,39.43846153846154,39.76777546777547
2023-10-02 00:00:00+01:00,,,,,2.8333333333333335,4.0649999999999995,0.0,28.0,4.075844155844155,2.177922077922078,4.089480519480519,1.6704184704184704,38.583333333333336,40.0,38.91103896103896,39.16479076479077
2023-10-03 00:00:00+01:00,,,,,7.421794871794871,4.029999999999999,0.0,28.0,4.147051282051282,4.111538461538461,4.140128205128205,3.8444444444444437,36.28910256410256,40.0,37.94423076923077,38.077777777777776
2023-10-04 00:00:00+01:00,,,,,12.514285714285714,3.9985714285714287,0.0,28.0,4.105581395348837,5.790909090909091,4.102045454545455,6.1017316017316015,34.37142857142857,40.0,37.10454545454546,37.15865800865801
2023-10-05 00:00:00+01:00,,,,,14.725641025641025,4.066538461538461,0.0,28.0,4.078846153846153,6.10379746835443,4.087215189873418,6.943146164665151,33.81858974358975,40.0,36.948101265822785,36.92223033647084
2023-10-06 00:00:00+01:00,,,,,18.739240506329114,4.053291139240506,0.0,28.0,4.146962025316456,3.2443037974683544,4.148987341772152,7.327848101265823,32.81518987341772,40.0,38.37784810126582,37.064345991561176
2023-10-07 00:00:00+01:00,,,,,23.125641025641023,4.021410256410257,0.0,28.0,4.111466666666667,2.516883116883117,4.117402597402598,8.547508047508048,31.718589743589742,40.0,38.741558441558446,36.8200493950494
2023-10-08 00:00:00+01:00,,,,,26.732467532467535,3.9940259740259743,0.0,28.0,4.075064935064935,2.275,4.082368421052632,9.669155844155844,30.816883116883115,40.0,38.8625,36.55979437229437
2023-10-09 00:00:00+01:00,,,,,29.78205128205128,4.066794871794872,0.0,28.0,4.142658227848101,1.982051282051282,4.1393589743589745,10.588034188034188,30.054487179487175,40.0,39.008974358974356,36.35448717948718
2023-10-10 00:00:00+01:00,,,,,34.19367088607595,4.065569620253164,0.0,28.0,4.1106410256410255,2.073076923076923,4.116666666666667,12.088915936384291,29.700452079566002,40.0,38.963461538461544,36.22130453934252
2023-10-11 00:00:00+01:00,,,,,40.274025974025975,4.028311688311688,0.0,28.0,4.076883116883117,2.3493150684931505,4.085342465753424,14.207780347506374,29.26614100185529,40.0,38.82534246575343,36.03049448920291
2023-10-12 00:00:00+01:00,,,,,46.449999999999996,4.002894736842105,0.0,28.0,4.151666666666666,3.078481012658228,4.150253164556962,16.509493670886076,28.825,40.0,38.460759493670885,35.76191983122363
2023-10-13 00:00:00+01:00,,,,,54.6,4.072564102564102,0.0,28.0,4.12,4.443037974683544,4.135696202531646,19.681012658227846,28.24285714285714,40.0,37.778481012658226,35.340446051838455
2023-10-14 00:00:00+01:00,,,,,61.53506493506493,4.068831168831169,0.0,28.0,4.0842857142857145,5.688461538461539,4.096282051282051,22.407842157842158,27.747495361781077,40.0,37.15576923076923,34.96775486418343
2023-10-15 00:00:00+01:00,,,,,68.33661971830985,4.030845070422536,0.0,28.0,4.15,7.28169014084507,4.156197183098592,25.206103286384973,27.261670020120725,40.0,36.359154929577464,34.540274983232734
2023-10-16 00:00:00+01:00,,,,,74.41518987341773,4.003544303797468,0.0,28.0,4.120128205128205,9.784415584415584,4.1405194805194805,28.066535152611106,26.827486437613018,40.0,35.1077922077922,33.97842621513507
2023-10-17 00:00:00+01:00,,,,,80.4064935064935,4.071688311688312,0.0,28.0,4.088205128205128,10.826923076923077,4.104871794871795,30.411138861138863,26.399536178107606,40.0,34.79326923076923,33.73093513629228
2023-10-18 00:00:00+01:00,,,,,86.17297297297297,4.065810810810811,0.0,28.0,4.1525,11.317948717948717,4.147051282051282,32.49697389697389,25.987644787644786,40.0,34.67051282051282,33.5527192027192
2023-10-19 00:00:00+01:00,,,,,91.32307692307693,4.028589743589744,0.5037974683544304,28.0,4.120632911392405,11.749367088607595,4.143544303797468,34.52541382667965,25.619780219780218,39.74810126582279,34.5626582278481,33.310179904483704
2023-10-20 00:00:00+01:00,,,,,95.50666666666666,3.9966666666666666,1.0192307692307692,28.0,4.079871794871795,12.115584415584415,4.098961038961039,36.21382728382728,25.320952380952384,39.49038461538461,34.47110389610389,33.094146964146965
2023-10-21 00:00:00+01:00,,,,,99.38051948051948,4.051298701298701,5.5948717948717945,28.0,4.133205128205128,12.553164556962026,4.132911392405063,39.176185277451104,25.044248608534325,37.202564102564104,34.36170886075949,32.20284052395264
2023-10-22 00:00:00+01:00,,,,,101.7095890410959,4.038904109589041,11.934246575342465,28.0,4.105205479452055,12.976712328767123,4.124520547945206,42.206849315068496,24.957260273972604,34.51643835616438,34.25582191780821,31.243173515981727
2023-10-23 00:00:00+01:00,,,,,105.15915492957747,4.0126760563380275,12.940845070422535,28.0,4.076478873239437,13.535714285714286,4.099,43.87857142857143,24.871021126760564,34.264788732394365,34.11607142857142,31.083960429242115
2023-10-24 00:00:00+01:00,,,,,107.7527027027027,4.00554054054054,15.036000000000001,28.0,4.146,14.79189189189189,4.133783783783784,45.8601981981982,24.806182432432433,33.741,33.80202702702702,30.78306981981982
2023-10-25 00:00:00+01:00,,,,,108.98846153846155,4.032820512820513,17.75,28.0,4.114102564102564,15.899999999999999,4.101298701298702,47.54615384615385,24.775288461538462,33.0625,33.525,30.45426282051282
2023-10-26 00:00:00+01:00,,,,,110.16153846153847,4.015897435897436,19.058441558441558,28.0,4.08012987012987,16.746052631578948,4.112105263157894,48.655344217186325,24.74596153846154,32.73538961038961,33.31348684210526,30.26494599698547
2023-10-27 00:00:00+01:00,,,,,112.47435897435898,3.9911538461538463,21.959493670886076,28.0,4.150126582278481,18.965384615384615,4.108205128205128,51.133079086876556,24.688141025641023,32.01012658227848,32.75865384615385,29.81897381802445
2023-10-28 00:00:00+01:00,,,,,113.93846153846155,4.050128205128205,25.954430379746835,28.0,4.112025316455696,21.448101265822785,4.085316455696202,53.78033106134372,24.65153846153846,31.011392405063287,32.1379746835443,29.266968516715348
2023-10-29 00:00:00+01:00,,,,,114.87692307692308,4.03551282051282,26.9253164556962,28.0,4.0732911392405065,22.334177215189875,4.119367088607595,54.71213891593638,24.62807692307692,30.76867088607595,31.91645569620253,29.1044011684518
2023-10-30 00:00:00+01:00,,,,,116.55416666666666,4.0095833333333335,28.673239436619717,28.0,4.146901408450704,23.853521126760562,4.103661971830986,56.36030907668231,24.586145833333333,30.33169014084507,31.536619718309854,28.818151897496083
2023-10-31 00:00:00+01:00,,,,,117.48076923076923,3.9791025641025644,31.49873417721519,28.0,4.109367088607595,25.43846153846154,4.113846153846154,58.139321648815326,24.56298076923077,29.892947558770345,31.140384615384615,28.532104314461908
2023-11-01 00:00:00+01:00,,,,,118.47435897435898,3.98474358974359,32.26962025316456,28.0,4.06873417721519,26.517721518987344,4.105569620253165,59.08723358217029,24.538141025641025,29.837884267631104,30.870569620253164,28.415531637841763
2023-11-02 00:00:00+01:00,,,,,118.81168831168831,4.054285714285714,33.73974358974359,28.0,4.139615384615384,27.942307692307693,4.139871794871795,60.164579864579856,24.52970779220779,29.73287545787546,30.514423076923077,28.25900210900211
2023-11-03 00:00:00+01:00,,,,,121.30649350649351,4.039090909090909,36.178666666666665,28.0,4.104,30.507692307692306,4.111282051282052,62.66428416028416,24.467337662337663,29.558666666666667,29.963736263736262,27.996580197580197
2023-11-04 00:00:00+01:00,,,,,121.10641025641024,4.07551282051282,37.75921052631579,28.0,4.063026315789474,32.678481012658224,4.070632911392405,63.84803393179476,24.472339743589743,29.44577067669173,29.80867992766727,27.908930115982912
2023-11-05 00:00:00+01:00,,,,,122.80897435897437,4.04948717948718,39.77215189873418,28.0,4.139113924050633,35.7873417721519,4.1394936708860754,66.12282267662015,24.429775641025643,29.301989150090414,29.58661844484629,27.772794411987448
2023-11-06 00:00:00+01:00,,,,,123.8974358974359,4.013333333333333,42.34743589743589,28.0,4.102692307692307,39.17215189873418,4.1217721518987345,68.47234123120198,24.402564102564103,29.11804029304029,29.344846292947558,27.621816896183987
2023-11-07 00:00:00+01:00,,,,,124.02987012987012,3.99,42.8379746835443,28.0,4.066075949367089,40.28987341772152,4.08759493670886,69.05257274371199,24.399253246753247,29.083001808318265,29.265009041591316,27.58242136555428
2023-11-08 00:00:00+01:00,,,,,124.93896103896103,4.021298701298701,43.24342105263158,28.0,4.113421052631579,41.898717948717945,4.116025641025641,70.02703334677018,24.376525974025974,29.054041353383457,29.150091575091576,27.52688630083367
2023-11-09 00:00:00+01:00,,,,,124.11025641025641,4.004358974358974,45.05789473684211,28.0,4.087236842105263,43.64415584415584,4.08961038961039,70.93743566375146,24.39724358974359,28.924436090225562,29.025417439703155,27.4490323732241
2023-11-10 00:00:00+01:00,,,,,125.53417721518989,3.9711392405063295,43.139240506329116,28.0,4.049620253164557,42.62564102564103,4.130512820512821,70.43301958238668,24.36164556962025,29.061482820976494,29.098168498168498,27.50709896292175
2023-11-11 00:00:00+01:00,,,,,126.43561643835615,4.031917808219178,42.97808219178082,28.0,4.127397260273972,42.965753424657535,4.107945205479452,70.7931506849315,24.339109589041097,29.072994129158513,29.073874755381603,27.495326157860404
2023-11-12 00:00:00+01:00,,,,,128.69870194805193,4.023246753246753,44.21518987341772,28.0,4.100886075949368,45.34743589743589,4.073589743589744,72.75377590630185,24.282532451298703,28.984629294755877,28.903754578754576,27.39030544160305
2023-11-13 00:00:00+01:00,,,,,129.34683734177216,3.9962025316455696,44.646153846153844,28.0,4.062051282051281,44.90128205128205,4.128846153846154,72.9647577464027,24.266329066455697,28.95384615384615,28.93562271062271,27.385265976974853
2023-11-14 00:00:00+01:00,,,,,130.16399906666666,4.048666666666667,46.51923076923077,28.0,4.135128205128205,47.84342105263158,4.122763157894736,74.84221696284301,24.245900023333334,28.820054945054945,28.72546992481203,27.263808297733437
2023-11-15 00:00:00+01:00,,,,,131.24935142857143,4.033246753246753,49.050632911392405,28.0,4.106582278481013,50.51282051282051,4.083974358974358,76.93760161759478,24.218766214285715,28.63924050632911,28.534798534798533,27.130935085137782
2023-11-16 00:00:00+01:00,,,,,132.13116818181817,4.003896103896104,52.02179487179487,28.0,4.067692307692307,51.91410256410256,4.131666666666667,78.68902187257187,24.196720795454546,28.427014652014655,28.434706959706958,27.019480802392053
2023-11-17 00:00:00+01:00,,,,,133.00506329113924,3.9958227848101266,54.859740259740256,28.0,4.135324675324676,54.10632911392405,4.115949367088607,80.65704422160117,24.174873417721518,28.22430426716141,28.278119349005426,26.89243234462945
2023-11-18 00:00:00+01:00,,,,,133.75897487179486,4.026282051282052,57.618181818181824,28.0,4.100909090909091,56.225,4.073815789473684,82.53405222999223,24.15602562820513,28.027272727272727,28.126785714285713,26.770028023254525
2023-11-19 00:00:00+01:00,,,,,133.6068478082192,4.012328767123288,60.18333333333334,28.0,4.0644871794871795,57.02207792207792,4.1257142857142854,83.60408635454348,24.159828804794518,27.84404761904762,28.06985157699443,26.691242666945524
2023-11-20 00:00:00+01:00,,,,,134.38974474358974,3.987948717948718,62.90632911392405,28.0,4.131645569620253,59.29615384615385,4.11051282051282,85.5307425678892,24.140256381410257,27.649547920434,27.907417582417583,26.56574062808728
2023-11-21 00:00:00+01:00,,,,,135.62820525641024,4.024871794871795,65.33506493506493,28.0,4.101168831168831,61.516666666666666,4.072820512820513,87.49331228604728,24.109294868589746,27.476066790352505,27.748809523809527,26.444723727583924
2023-11-22 00:00:00+01:00,,,,,134.24675285714287,4.0042857142857144,65.82631578947368,28.0,4.051447368421052,60.36282051282051,4.091666666666667,86.81196305314569,24.14383117857143,27.44097744360902,27.831227106227107,26.472011909469185
2023-11-23 00:00:00+01:00,,,,,129.9379751898734,3.967088607594937,68.59342105263158,28.0,4.061578947368421,59.59871794871795,4.054230769230768,86.04337139707432,24.251550620253166,27.24332706766917,27.885805860805863,26.460227849576068
2023-11-24 00:00:00+01:00,,,,,129.62763144736843,4.0082894736842105,66.46578947368421,28.0,4.0698684210526315,58.56315789473685,4.100263157894737,84.88552627192983,24.25930921381579,27.3953007518797,27.959774436090225,26.53812813392857
2023-11-25 00:00:00+01:00,,,,,126.32545454545453,4.000363636363637,64.34150943396226,28.0,4.085471698113207,55.43090909090909,4.0805454545454545,82.03262435677529,24.341863636363637,27.54703504043127,28.183506493506492,26.690801723433804
2023-11-26 00:00:00+01:00,,,,,123.81666666666668,3.967692307692308,62.146153846153844,28.0,4.048205128205128,51.81666666666666,4.090256410256409,79.25982905982906,24.40458333333333,27.70384615384615,28.441666666666666,26.850032051282046
2023-11-27 00:00:00+01:00,,,,,122.3657894736842,4.0249999999999995,57.40512820512821,28.0,4.112692307692308,47.4038961038961,4.114545454545454,75.7249379275695,24.440855263157896,28.042490842490842,28.756864564007422,27.080070223218723
2023-11-28 00:00:00+01:00,,,,,121.92837837837838,4.015135135135135,50.43421052631579,28.0,4.081842105263157,42.89866666666667,4.085333333333333,71.75375185712028,24.451790540540543,28.540413533834585,29.078666666666663,27.356956913680595
2023-11-29 00:00:00+01:00,,,,,121.67820512820512,3.987948717948718,44.68181818181818,28.0,4.086883116883117,38.564473684210526,4.108421052631579,68.3081656647446,24.458044871794872,28.9512987012987,29.388251879699247,27.599198484264274
2023-11-30 00:00:00+01:00,,,,,120.58513513513512,4.037297297297298,40.86266666666666,28.0,4.0904,35.51866666666667,4.110133333333334,65.65548948948948,24.48537162162162,29.224095238095238,29.605809523809523,27.771758794508795
2023-12-01 00:00:00+01:00,,,,,118.85512820512821,4.026538461538461,37.85769230769231,28.0,4.048461538461538,33.05696202531646,4.067974683544304,63.25659417937899,24.528621794871793,29.438736263736264,29.781645569620252,27.91633454274277
2023-12-02 00:00:00+01:00,,,,,116.75822784810126,4.000253164556962,34.550632911392405,28.0,4.086708860759494,31.21282051282051,4.1005128205128205,60.84056042410472,24.58104430379747,29.6749547920434,29.913369963369963,28.056456353070278
2023-12-03 00:00:00+01:00,,,,,114.61688311688312,4.009350649350649,31.441025641025643,28.0,4.059358974358974,29.79620253164557,4.078227848101266,58.618037096518115,24.63457792207792,29.8970695970696,30.05094936708861,28.194198962078712
2023-12-04 00:00:00+01:00,,,,,111.10909090909091,3.9925974025974025,29.27368421052632,28.0,4.106184210526315,28.923684210526314,4.101578947368421,56.43548644338119,24.722272727272728,30.181578947368422,30.26907894736842,28.39097687400319
2023-12-05 00:00:00+01:00,,,,,111.3,4.019230769230769,25.378205128205128,28.0,4.073076923076923,27.687012987012988,4.077402597402597,54.78840603840604,24.7175,31.15544871794872,30.578246753246752,28.817065157065155
2023-12-06 00:00:00+01:00,,,,,110.0379746835443,4.003924050632912,22.265384615384615,28.0,4.103076923076923,26.453846153846154,4.108846153846154,52.919068484258354,24.74905063291139,31.93365384615384,30.88653846153846,29.1897476468679
2023-12-07 00:00:00+01:00,,,,,109.23461538461538,3.9701282051282054,19.451898734177217,28.0,4.083037974683545,25.20384615384615,4.088076923076923,51.29678675754624,24.769134615384615,32.63702531645569,31.199038461538464,29.535066131126257
2023-12-08 00:00:00+01:00,,,,,106.63076923076925,3.950769230769231,17.18860759493671,28.0,4.094810126582279,24.19873417721519,4.094556962025316,49.339370334307056,24.83423076923077,33.20284810126582,31.450316455696203,29.8291317753976
2023-12-09 00:00:00+01:00,,,,,106.07532467532468,3.969220779220779,15.438666666666668,28.0,4.0549333333333335,23.082894736842103,4.052368421052631,48.19896202627782,24.848116883116884,33.64033333333333,31.729276315789473,30.072575510746564
2023-12-10 00:00:00+01:00,,,,,106.41199999999999,4.024,14.045333333333334,28.0,4.1076,21.758333333333333,4.103472222222222,47.40522222222222,24.8397,33.98866666666667,32.06041666666666,30.296261111111107
2023-12-11 00:00:00+01:00,,,,,106.99066666666667,4.016133333333333,12.897435897435898,28.0,4.07974358974359,20.40909090909091,4.090779220779221,46.76573115773116,24.825233333333333,34.27564102564102,32.39772727272727,30.499533877233876
2023-12-12 00:00:00+01:00,,,,,107.89102564102564,3.9924358974358976,12.28974358974359,28.0,4.124358974358974,19.287341772151898,4.099493670886076,46.48937033430704,24.80272435897436,34.4275641025641,32.678164556962024,30.636151006166827
2023-12-13 00:00:00+01:00,,,,,108.52105263157895,4.024736842105263,12.17051282051282,28.0,4.105128205128205,18.79230769230769,4.092307692307692,46.49462438146649,24.786973684210526,34.4573717948718,32.801923076923075,30.682089518668466
2023-12-14 00:00:00+01:00,,,,,107.44430379746836,4.005949367088607,12.367532467532468,28.0,4.055324675324675,18.737179487179485,4.093461538461538,46.18300525072677,24.81389240506329,34.40811688311688,32.815705128205124,30.6792381387951
2023-12-15 00:00:00+01:00,,,,,106.28051948051949,3.9800000000000004,12.535897435897436,28.0,4.091410256410256,18.496103896103897,4.0577922077922075,45.770840270840274,24.842987012987013,34.36602564102564,32.875974025974024,30.69499555999556
2023-12-16 00:00:00+01:00,,,,,106.12133333333334,4.020266666666666,11.784210526315789,28.0,4.048421052631579,17.682666666666666,4.0972,45.1960701754386,24.846966666666667,34.55394736842105,33.07933333333333,30.826749122807016
2023-12-17 00:00:00+01:00,,,,,104.9620253164557,4.0006329113924055,9.94025974025974,28.0,4.037922077922078,16.17820512820513,4.058589743589743,43.693496728306854,24.875949367088605,35.029870129870126,33.45544871794871,31.12042273830248
2023-12-18 00:00:00+01:00,,,,,105.17397260273972,3.9761643835616436,2.8932432432432433,28.0,4.072702702702703,5.129333333333333,4.086266666666666,37.732183059772105,24.870650684931505,38.553378378378376,37.43533333333333,33.61978746554774
2023-12-19 00:00:00+01:00,,,,,105.04868421052632,3.9272368421052635,0.0,28.0,4.045974025974027,0.028571428571428574,4.052337662337662,35.02575187969925,24.87378289473684,40.0,39.98571428571429,34.95316572681705
2023-12-20 00:00:00+01:00,,,,,0.12207792207792208,3.9933766233766237,0.0,28.0,4.086923076923076,0.0,4.084487179487179,0.04069264069264069,39.93896103896104,40.0,40.0,39.97965367965368
2023-12-21 00:00:00+01:00,,,,,0.0,3.989078947368421,0.0,28.0,4.043066666666667,0.0,4.054078947368421,0.0,40.0,40.0,40.0,40.0
2023-12-22 00:00:00+01:00,,,,,0.0,4.0063157894736845,0.0,28.0,4.086623376623377,0.0,4.087532467532467,0.0,40.0,40.0,40.0,40.0
2023-12-23 00:00:00+01:00,,,,,0.0,3.996025641025641,0.0,28.0,4.04632911392405,0.0,4.100897435897436,0.0,40.0,40.0,40.0,40.0
2023-12-24 00:00:00+01:00,,,,,0.0,3.9614285714285717,0.0,28.0,4.095696202531646,0.0,4.066962025316455,0.0,40.0,40.0,40.0,40.0
2023-12-25 00:00:00+01:00,,,,,0.0,4.005316455696203,0.0,28.0,4.053506493506494,0.0,4.115194805194805,0.0,40.0,40.0,40.0,40.0
2023-12-26 00:00:00+01:00,,,,,0.0,4.001645569620253,0.0,28.0,4.097307692307692,0.49740259740259735,4.096363636363637,0.16580086580086578,40.0,40.0,39.7512987012987,39.91709956709957
2023-12-27 00:00:00+01:00,,,,,0.42368421052631583,3.9751315789473685,0.0,28.0,4.065657894736842,0.053164556962025315,4.111772151898734,0.15894958916278037,39.78815789473684,40.0,39.97341772151899,39.92052520541861
2023-12-28 00:00:00+01:00,,,,,0.2468354430379747,3.9869620253164553,0.0,28.0,4.031392405063292,0.30253164556962026,4.075822784810127,0.18312236286919834,39.87658227848102,40.0,39.84873417721519,39.9084388185654
2023-12-29 00:00:00+01:00,,,,,0.08181818181818183,3.9932467532467535,0.3518987341772152,28.0,4.0906329113924045,0.689873417721519,4.11,0.374530111238972,39.95909090909091,39.824050632911394,39.65506329113924,39.812734944380516
2023-12-30 00:00:00+01:00,,,,,0.16103896103896104,3.9801298701298706,0.5368421052631579,28.0,4.0542105263157895,1.103896103896104,4.0793506493506495,0.6005923900660742,39.91948051948052,39.731578947368426,39.44805194805195,39.699703804966965
2023-12-31 00:00:00+01:00,,,,,0.39746835443037976,4.0155696202531646,0.12151898734177215,28.0,4.09379746835443,1.3632911392405063,4.115822784810127,0.6274261603375527,39.80126582278481,39.939240506329114,39.31835443037975,39.686286919831225
2024-01-01 00:00:00+01:00,,,,,0.7102564102564103,4.0070512820512825,0.28076923076923077,28.0,4.053589743589744,1.7192307692307691,4.090128205128205,0.9034188034188034,39.6448717948718,39.85961538461539,39.14038461538462,39.5482905982906
2024-01-02 00:00:00+01:00,,,,,0.7746835443037975,3.980886075949367,0.4860759493670886,28.0,4.095189873417722,1.7341772151898733,4.049746835443038,0.9983122362869198,39.6126582278481,39.756962025316454,39.13291139240507,39.50084388185655
2024-01-03 00:00:00+01:00,,,,,1.2025974025974027,4.018701298701298,1.1441558441558444,28.0,4.061688311688312,2.250649350649351,4.114155844155844,1.5324675324675325,39.3987012987013,39.42792207792208,38.87467532467532,39.23376623376623
2024-01-04 00:00:00+01:00,,,,,1.5506493506493508,4.011688311688311,1.5506493506493508,28.0,4.11012987012987,2.6171052631578946,4.098684210526316,1.9061346548188656,39.22467532467533,39.22467532467533,38.69144736842106,39.04693267259057
2024-01-05 00:00:00+01:00,,,,,1.7743589743589745,3.9851282051282055,1.9589743589743591,28.0,4.083461538461538,2.8,4.055822784810126,2.1777777777777776,39.11282051282051,39.02051282051282,38.6,38.911111111111104
2024-01-06 00:00:00+01:00,,,,,2.043103448275862,4.012931034482759,2.5620689655172413,28.0,4.041724137931034,3.106779661016949,4.076779661016949,2.5706506916033507,38.97844827586207,38.71896551724138,38.44661016949152,38.714674654198326
2024-01-07 00:00:00+01:00,,,,,2.6246753246753247,4.009480519480519,3.289473684210526,28.0,4.090921052631579,3.772727272727273,4.098571428571428,3.228958760537708,38.68766233766234,38.35526315789474,38.11363636363637,38.38552061973115
2024-01-08 00:00:00+01:00,,,,,3.2194805194805194,3.981038961038961,4.034666666666666,28.0,4.046,4.306578947368421,4.055394736842105,3.853575377838536,38.390259740259744,37.98266666666667,37.84671052631579,38.07321231108073
2024-01-09 00:00:00+01:00,,,,,3.422972972972973,4.031081081081081,4.4391891891891895,28.0,4.069459459459459,4.584415584415584,4.092337662337663,4.148859248859249,38.288513513513514,37.7804054054054,37.70779220779221,37.92557037557037
2024-01-10 00:00:00+01:00,,,,,3.7932432432432432,4.0245945945945945,4.924050632911392,28.0,4.084303797468354,4.951948051948052,4.096753246753247,4.556413976034229,38.10337837837838,37.537974683544306,37.524025974025975,37.72179301198289
2024-01-11 00:00:00+01:00,,,,,3.882051282051282,4.027820512820513,5.2316455696202535,28.0,4.050126582278481,5.1000000000000005,4.107564102564102,4.737898950557178,38.05897435897436,37.38417721518987,37.45,37.63105052472141
2024-01-12 00:00:00+01:00,,,,,3.9037974683544303,4.005822784810126,5.440506329113925,28.0,4.05253164556962,5.151898734177215,4.0753164556962025,4.832067510548523,38.04810126582279,37.27974683544304,37.424050632911396,37.58396624472574
2024-01-13 00:00:00+01:00,,,,,4.015584415584415,3.9785714285714286,5.64025974025974,28.0,4.093116883116883,5.201298701298701,4.108181818181818,4.9523809523809526,37.99220779220779,37.17987012987013,37.39935064935065,37.523809523809526
2024-01-14 00:00:00+01:00,,,,,4.333766233766234,4.018701298701298,6.161038961038961,28.0,4.056623376623376,5.573333333333333,4.075733333333333,5.356046176046177,37.83311688311689,36.919480519480516,37.21333333333333,37.32197691197691
2024-01-15 00:00:00+01:00,,,,,4.171794871794871,4.006923076923076,6.0886075949367084,28.0,4.1007594936708855,5.3448717948717945,4.125512820512821,5.201758087201125,37.91410256410256,36.95569620253165,37.327564102564104,37.399120956399436
2024-01-16 00:00:00+01:00,,,,,4.010126582278481,3.980253164556962,5.984810126582278,28.0,4.1024050632911395,5.168354430379747,4.102278481012658,5.054430379746836,37.99493670886076,37.00759493670886,37.415822784810125,37.47278481012659
2024-01-17 00:00:00+01:00,,,,,3.782051282051282,4.023846153846154,5.871794871794871,28.0,4.0621794871794865,4.95,4.067435897435898,4.8679487179487175,38.10897435897436,37.06410256410256,37.525,37.56602564102564
2024-01-18 00:00:00+01:00,,,,,3.8829268292682926,4.027804878048781,6.2214285714285715,28.0,4.114761904761904,5.102439024390244,4.128048780487805,5.068931475029036,38.05853658536586,36.88928571428571,37.448780487804875,37.46553426248548
