Time,65cf65e768f3190791a064db; 65cf704368f3190791a064df / Soil_Tensiometer_F5; Soil_tension_sensor / SoilHumiditySensor,65cf65fc68f3190791a064dc; 65cf762b68f3190791a064e7 / Soil_Tensiometer_F6; Soil_tension_sensor / SoilHumiditySensor,65cf660468f3190791a064dd; 65d4b63e68f3190734a4fcf8 / Soil_Tensiometer_x2_F7; Soil_tension_sensor_1 / SoilHumiditySensor,65cf660468f3190791a064dd; 65d4b63e68f3190734a4fcfc / Soil_Tensiometer_x2_F7; Soil_tension_sensor_2 / SoilHumiditySensor,mean_of_tension,65cf65e768f3190791a064db; 65cf704368f3190791a064df / Soil_Tensiometer_F5; Soil_tension_sensor / SoilHumiditySensor_vol,65cf65fc68f3190791a064dc; 65cf762b68f3190791a064e7 / Soil_Tensiometer_F6; Soil_tension_sensor / SoilHumiditySensor_vol,65cf660468f3190791a064dd; 65d4b63e68f3190734a4fcf8 / Soil_Tensiometer_x2_F7; Soil_tension_sensor_1 / SoilHumiditySensor_vol,65cf660468f3190791a064dd; 65d4b63e68f3190734a4fcfc / Soil_Tensiometer_x2_F7; Soil_tension_sensor_2 / SoilHumiditySensor_vol,mean_of_volumetric
2024-02-22 00:00:00+01:00,,10.903703703703703,6.496296296296297,7.8,8.4,,0.2886,0.3132,0.3059,0.30256666666666665
2024-02-23 00:00:00+01:00,9.8,12.037037037037036,9.881481481481481,9.507407407407406,10.30648148148148,0.2947,0.2824,0.2943,0.2963,0.291925
2024-02-24 00:00:00+01:00,10.3,12.885185185185184,10.444444444444445,9.340740740740742,10.742592592592592,0.2919,0.2777,0.2911,0.2973,0.2895
2024-02-25 00:00:00+01:00,,13.61111111111111,11.040740740740741,10.362962962962964,11.671604938271605,,0.2738,0.2879,0.2916,0.2844333333333333
2024-02-26 00:00:00+01:00,,15.803703703703704,11.474074074074075,11.08148148148148,12.78641975308642,,0.262,0.2855,0.2876,0.27836666666666665
2024-02-27 00:00:00+01:00,,18.61923076923077,12.218518518518518,11.844444444444445,14.227397910731247,,0.2471,0.2814,0.2834,0.27063333333333334
2024-02-28 00:00:00+01:00,,22.653333333333332,12.907142857142858,12.957142857142857,16.172539682539682,,0.2266,0.2776,0.2773,0.2605
2024-02-29 00:00:00+01:00,,,,,,,,,,
2024-03-01 00:00:00+01:00,,,,,,,,,,
2024-03-02 00:00:00+01:00,,,,,,,,,,
2024-03-03 00:00:00+01:00,,,,,,,,,,
2024-03-04 00:00:00+01:00,,,,,,,,,,
2024-03-05 00:00:00+01:00,,,,,,,,,,
2024-03-06 00:00:00+01:00,,,,,,,,,,
2024-03-07 00:00:00+01:00,,,,,,,,,,
2024-03-08 00:00:00+01:00,,,,,,,,,,
2024-03-09 00:00:00+01:00,,,,,,,,,,
2024-03-10 00:00:00+01:00,,,,,,,,,,
2024-03-11 00:00:00+01:00,,,,,,,,,,
2024-03-12 00:00:00+01:00,,,,,,,,,,
2024-03-13 00:00:00+01:00,,,,,,,,,,
2024-03-14 00:00:00+01:00,,,,,,,,,,
2024-03-15 00:00:00+01:00,,,,,,,,,,
2024-03-16 00:00:00+01:00,,,,,,,,,,
2024-03-17 00:00:00+01:00,,,,,,,,,,
2024-03-18 00:00:00+01:00,,,,,,,,,,
2024-03-19 00:00:00+01:00,,,,,,,,,,
2024-03-20 00:00:00+01:00,,,,,,,,,,
2024-03-21 00:00:00+01:00,,,,,,,,,,
2024-03-22 00:00:00+01:00,,,,,,,,,,
2024-03-23 00:00:00+01:00,,,,,,,,,,
2024-03-24 00:00:00+01:00,,,,,,,,,,
2024-03-25 00:00:00+01:00,,,,,,,,,,
2024-03-26 00:00:00+01:00,,,,,,,,,,
2024-03-27 00:00:00+01:00,,,,,,,,,,
2024-03-28 00:00:00+01:00,,,,,,,,,,
2024-03-29 00:00:00+01:00,,,,,,,,,,
2024-03-30 00:00:00+01:00,,,,,,,,,,
2024-03-31 00:00:00+01:00,,,,,,,,,,
2024-04-01 00:00:00+01:00,,,,,,,,,,
2024-04-02 00:00:00+01:00,,,,,,,,,,
2024-04-03 00:00:00+01:00,,,,,,,,,,
2024-04-04 00:00:00+01:00,,,,,,,,,,
2024-04-05 00:00:00+01:00,,,,,,,,,,
2024-04-06 00:00:00+01:00,,,,,,,,,,
2024-04-07 00:00:00+01:00,,,,,,,,,,
2024-04-08 00:00:00+01:00,,,,,,,,,,
2024-04-09 00:00:00+01:00,,,,,,,,,,
2024-04-10 00:00:00+01:00,,,,,,,,,,
2024-04-11 00:00:00+01:00,,,,,,,,,,
2024-04-12 00:00:00+01:00,,,,,,,,,,
2024-04-13 00:00:00+01:00,,,,,,,,,,
2024-04-14 00:00:00+01:00,,,,,,,,,,
2024-04-15 00:00:00+01:00,,,,,,,,,,
2024-04-16 00:00:00+01:00,,,,,,,,,,
2024-04-17 00:00:00+01:00,,,,,,,,,,
2024-04-18 00:00:00+01:00,,,,,,,,,,
2024-04-19 00:00:00+01:00,,,,,,,,,,
2024-04-20 00:00:00+01:00,,,,,,,,,,
2024-04-21 00:00:00+01:00,,,,,,,,,,
2024-04-22 00:00:00+01:00,,,,,,,,,,
2024-04-23 00:00:00+01:00,,,,,,,,,,
2024-04-24 00:00:00+01:00,,,,,,,,,,
2024-04-25 00:00:00+01:00,,,,,,,,,,
2024-04-26 00:00:00+01:00,,,,,,,,,,
2024-04-27 00:00:00+01:00,,,,,,,,,,
2024-04-28 00:00:00+01:00,,,,,,,,,,
2024-04-29 00:00:00+01:00,,,,,,,,,,
2024-04-30 00:00:00+01:00,,,,,,,,,,
2024-05-01 00:00:00+01:00,,,,,,,,,,
2024-05-02 00:00:00+01:00,,,,,,,,,,
2024-05-03 00:00:00+01:00,,,,,,,,,,
2024-05-04 00:00:00+01:00,,,,,,,,,,
2024-05-05 00:00:00+01:00,,,,,,,,,,
2024-05-06 00:00:00+01:00,,,,,,,,,,
2024-05-07 00:00:00+01:00,,,,,,,,,,
2024-05-08 00:00:00+01:00,,,,,,,,,,
2024-05-09 00:00:00+01:00,,,,,,,,,,
2024-05-10 00:00:00+01:00,,,,,,,,,,
2024-05-11 00:00:00+01:00,,,,,,,,,,
2024-05-12 00:00:00+01:00,,,,,,,,,,
2024-05-13 00:00:00+01:00,,,,,,,,,,
2024-05-14 00:00:00+01:00,,,,,,,,,,
2024-05-15 00:00:00+01:00,,,,,,,,,,
2024-05-16 00:00:00+01:00,,25.45263157894737,13.610526315789475,13.042105263157895,17.36842105263158,,0.2129,0.2738,0.2769,0.25453333333333333
2024-05-17 00:00:00+01:00,14.9125,30.951851851851853,14.215384615384616,13.834615384615384,18.478587962962962,0.2668,0.1871,0.2705,0.2726,0.24924999999999997
2024-05-18 00:00:00+01:00,15.5,36.925925925925924,15.603703703703705,14.833333333333334,20.71574074074074,0.2636,0.161,0.263,0.2672,0.2387
2024-05-19 00:00:00+01:00,16.9,44.95925925925926,17.666666666666668,15.503703703703705,23.75740740740741,0.2562,0.1287,0.2521,0.2636,0.22515000000000002
2024-05-20 00:00:00+01:00,17.866666666666664,58.7037037037037,20.433333333333334,16.496296296296297,28.375,0.2511,0.0809,0.2378,0.2583,0.207025
2024-05-21 00:00:00+01:00,19.7,75.76666666666667,23.633333333333333,17.53333333333333,34.15833333333333,0.2415,0.0337,0.2217,0.2528,0.187425
2024-05-22 00:00:00+01:00,21.216666666666665,95.89629629629628,27.822222222222223,18.644444444444442,40.8949074074074,0.2338,0.0,0.2016,0.247,0.1706
2024-05-23 00:00:00+01:00,22.8,117.34814814814816,31.664,19.996,47.95203703703704,0.2259,0.0,0.1839,0.24,0.16244999999999998
2024-05-24 00:00:00+01:00,,137.94074074074075,37.229629629629635,21.38148148148148,65.51728395061728,,0.0,0.1597,0.233,0.13090000000000002
2024-05-25 00:00:00+01:00,,158.3148148148148,44.33076923076923,23.176923076923078,75.2741690408357,,0.0,0.1311,0.224,0.11836666666666666
2024-05-26 00:00:00+01:00,,176.83076923076925,56.55,24.97307692307692,86.11794871794872,,0.0,0.0878,0.2152,0.10099999999999999
2024-05-27 00:00:00+01:00,,192.18846153846152,70.11481481481482,26.74814814814815,96.35047483380818,,0.0,0.0479,0.2066,0.08483333333333333
2024-05-28 00:00:00+01:00,,204.3111111111111,85.14814814814815,28.462962962962962,105.97407407407407,,0.0,0.0131,0.1986,0.07056666666666667
2024-05-29 00:00:00+01:00,,216.85833333333335,100.39565217391304,30.61304347826087,115.95567632850242,,0.0082,0.0,0.1887,0.06563333333333334
2024-05-30 00:00:00+01:00,,224.56,114.896,32.907999999999994,124.12133333333334,,0.018,0.0,0.1784,0.06546666666666666
2024-05-31 00:00:00+01:00,,238.51333333333332,130.23999999999998,35.593333333333334,134.78222222222223,,0.0368,0.0,0.1666,0.0678
2024-06-01 00:00:00+01:00,,247.02222222222224,141.93333333333334,39.06666666666666,142.67407407407407,,0.0487,0.0,0.1521,0.06693333333333333
2024-06-02 00:00:00+01:00,,249.24814814814815,153.17777777777778,43.548148148148144,148.658024691358,,0.0519,0.0,0.1342,0.062033333333333336
2024-06-03 00:00:00+01:00,,247.8153846153846,163.3,50.2074074074074,153.77426400759734,,0.0498,0.0,0.1094,0.05306666666666667
2024-06-04 00:00:00+01:00,,255.77407407407406,173.38846153846154,56.49615384615385,161.88622981956317,,0.0611,0.0,0.088,0.0497
2024-06-05 00:00:00+01:00,,255.3148148148148,126.03076923076924,66.32307692307693,149.22288698955364,,0.0604,0.0,0.0583,0.03956666666666667
2024-06-06 00:00:00+01:00,,255.02962962962962,0.2,29.896153846153844,95.04192782526115,,0.06,0.3489,0.1919,0.20026666666666668
2024-06-07 00:00:00+01:00,,249.91111111111113,1.7111111111111112,12.92222222222222,88.1814814814815,,0.0528,0.3403,0.2775,0.22353333333333336
2024-06-08 00:00:00+01:00,,242.59629629629632,5.518518518518518,11.751851851851852,86.62222222222222,,0.0425,0.3187,0.2839,0.21503333333333333
2024-06-09 00:00:00+01:00,,239.06956521739133,7.691666666666666,11.725,86.162077294686,,0.0376,0.3065,0.2841,0.20940000000000003
2024-06-10 00:00:00+01:00,,252.33333333333334,9.885185185185184,11.766666666666666,91.32839506172839,,0.0562,0.2942,0.2839,0.21143333333333336
2024-06-11 00:00:00+01:00,173.4,261.3,2.074074074074074,12.15925925925926,112.23333333333335,0.0,0.0689,0.3382,0.2817,0.17220000000000002
2024-06-12 00:00:00+01:00,,240.22,4.208,12.308,85.57866666666666,,0.0392,0.3261,0.2809,0.2154
2024-06-13 00:00:00+01:00,,225.1037037037037,2.9481481481481477,12.18148148148148,80.07777777777777,,0.0187,0.3332,0.2816,0.21116666666666664
2024-06-14 00:00:00+01:00,,218.04814814814816,10.753846153846155,12.319230769230769,80.37374169040835,,0.0097,0.2894,0.2808,0.1933
2024-06-15 00:00:00+01:00,,210.8925925925926,11.71111111111111,12.44814814814815,78.35061728395061,,0.001,0.2842,0.2801,0.18843333333333334
2024-06-16 00:00:00+01:00,,209.14074074074074,12.603703703703705,12.91851851851852,78.22098765432098,,0.0,0.2793,0.2776,0.18563333333333332
2024-06-17 00:00:00+01:00,,206.7037037037037,13.503846153846155,13.253846153846153,77.820465337132,,0.0,0.2744,0.2757,0.18336666666666668
2024-06-18 00:00:00+01:00,,210.02962962962962,14.914814814814815,14.05185185185185,79.66543209876544,,0.0,0.2667,0.2714,0.17936666666666667
2024-06-19 00:00:00+01:00,,214.7296296296296,17.05185185185185,14.97037037037037,82.25061728395062,,0.0056,0.2554,0.2664,0.17580000000000004
2024-06-20 00:00:00+01:00,,224.94814814814816,20.77037037037037,15.87037037037037,87.1962962962963,,0.0185,0.2361,0.2616,0.17206666666666667
2024-06-21 00:00:00+01:00,,229.13703703703703,26.59259259259259,17.196296296296296,90.9753086419753,,0.0241,0.2074,0.2546,0.16203333333333333
2024-06-22 00:00:00+01:00,,231.02307692307693,30.62222222222222,18.788888888888888,93.47806267806267,,0.0266,0.1886,0.2463,0.15383333333333335
2024-06-23 00:00:00+01:00,,232.82592592592593,35.34074074074074,20.4037037037037,96.19012345679012,,0.029,0.1677,0.2379,0.14486666666666667
2024-06-24 00:00:00+01:00,,229.02592592592592,41.43703703703704,22.314814814814813,97.5925925925926,,0.0239,0.1425,0.2283,0.13156666666666667
2024-06-25 00:00:00+01:00,,235.98888888888888,51.50769230769231,24.107692307692307,103.86809116809117,,0.0334,0.1048,0.2194,0.11920000000000001
2024-06-26 00:00:00+01:00,,242.87037037037038,66.12222222222222,26.31111111111111,111.7679012345679,,0.0429,0.0588,0.2087,0.10346666666666667
2024-06-27 00:00:00+01:00,,243.0037037037037,18.657692307692308,29.21153846153846,96.95764482431149,,0.0431,0.2469,0.1951,0.1617
2024-06-28 00:00:00+01:00,,247.7888888888889,0.16666666666666666,32.422222222222224,93.45925925925927,,0.0498,0.3491,0.1805,0.19313333333333335
2024-06-29 00:00:00+01:00,,248.11153846153846,1.5407407407407407,35.096296296296295,94.9161918328585,,0.0503,0.3412,0.1688,0.18676666666666666
2024-06-30 00:00:00+01:00,,249.17777777777778,5.01111111111111,36.611111111111114,96.93333333333334,,0.0518,0.3216,0.1623,0.17856666666666668
2024-07-01 00:00:00+01:00,,246.59259259259258,1.762962962962963,4.218518518518518,84.19135802469135,,0.0481,0.34,0.326,0.23803333333333332
2024-07-02 00:00:00+01:00,240.1,244.7,0.8962962962962963,1.2814814814814814,121.74444444444443,0.039,0.0455,0.3449,0.3427,0.193025
2024-07-03 00:00:00+01:00,,242.22592592592594,0.3074074074074074,0.4555555555555555,80.9962962962963,,0.042,0.3483,0.3474,0.2459
2024-07-04 00:00:00+01:00,,243.53333333333333,0.05185185185185185,0.6814814814814815,81.42222222222223,,0.0438,0.3497,0.3461,0.24653333333333335
2024-07-05 00:00:00+01:00,243.29999999999998,243.72222222222223,0.3538461538461538,1.123076923076923,122.12478632478634,0.0435,0.0441,0.348,0.3436,0.1948
2024-07-06 00:00:00+01:00,,239.65925925925927,2.9444444444444446,4.548148148148148,82.38395061728396,,0.0384,0.3333,0.3242,0.23196666666666665
2024-07-07 00:00:00+01:00,246.8,241.92962962962963,7.051851851851852,9.481481481481481,126.31574074074074,0.0484,0.0416,0.3101,0.2965,0.17415
2024-07-08 00:00:00+01:00,254.4333333333333,244.47692307692307,1.2192307692307693,1.9115384615384616,125.51025641025639,0.0592,0.0452,0.3431,0.3391,0.19665
2024-07-09 00:00:00+01:00,251.25,245.06923076923078,0.04814814814814815,0.02592592592592593,124.09832621082622,0.0547,0.046,0.3497,0.3499,0.200075
2024-07-10 00:00:00+01:00,,249.2185185185185,0.13333333333333333,0.0,83.11728395061728,,0.0518,0.3492,0.35,0.25033333333333335
2024-07-11 00:00:00+01:00,344.5,254.18148148148146,5.318518518518518,0.38148148148148153,151.09537037037038,0.1584,0.0588,0.3198,0.3478,0.22119999999999998
2024-07-12 00:00:00+01:00,,246.00370370370368,2.184615384615385,0.4538461538461539,82.8807217473884,,0.0473,0.3376,0.3474,0.24409999999999998
2024-07-13 00:00:00+01:00,,245.4962962962963,3.8185185185185184,3.085185185185185,84.13333333333334,,0.0466,0.3283,0.3325,0.2358
2024-07-14 00:00:00+01:00,,245.25555555555553,10.385185185185184,12.074074074074074,89.23827160493825,,0.0462,0.2915,0.2822,0.20663333333333334
2024-07-15 00:00:00+01:00,,254.36666666666665,13.881481481481481,14.218518518518518,94.15555555555555,,0.0591,0.2723,0.2705,0.20063333333333333
2024-07-16 00:00:00+01:00,,251.11111111111111,2.3962962962962964,3.7111111111111112,85.73950617283951,,0.0545,0.3364,0.3289,0.23993333333333333
2024-07-17 00:00:00+01:00,,250.2296296296296,0.18518518518518517,1.1962962962962962,83.87037037037037,,0.0533,0.3489,0.3432,0.2484666666666667
2024-07-18 00:00:00+01:00,,253.93846153846152,0.26296296296296295,1.414814814814815,85.2054131054131,,0.0585,0.3485,0.342,0.24966666666666668
2024-07-19 00:00:00+01:00,,256.97777777777776,0.14074074074074072,0.8037037037037037,85.97407407407407,,0.0628,0.3492,0.3454,0.2524666666666667
2024-07-20 00:00:00+01:00,,253.54444444444445,3.2222222222222223,3.855555555555555,86.87407407407407,,0.0579,0.3317,0.3281,0.23923333333333333
2024-07-21 00:00:00+01:00,,252.40370370370368,3.5777777777777775,3.4074074074074074,86.46296296296295,,0.0563,0.3297,0.3306,0.23886666666666667
2024-07-22 00:00:00+01:00,,257.6454545454545,12.245454545454544,10.663636363636364,93.51818181818182,,0.0637,0.2812,0.2899,0.2116
2024-07-23 00:00:00+01:00,263.8,250.1703703703704,14.314814814814815,14.014814814814814,135.575,0.0724,0.0532,0.27,0.2716,0.1668
2024-07-24 00:00:00+01:00,255.0,251.74814814814815,18.456,17.316,135.63003703703706,0.06,0.0554,0.248,0.254,0.15435
2024-07-25 00:00:00+01:00,255.0,260.2,24.842307692307692,21.042307692307695,140.27115384615385,0.06,0.0674,0.2158,0.2347,0.144475
2024-07-26 00:00:00+01:00,255.0,255.07777777777778,28.35925925925926,23.62222222222222,140.51481481481483,0.06,0.0601,0.1991,0.2218,0.13524999999999998
2024-07-27 00:00:00+01:00,255.0,251.2962962962963,32.803703703703704,26.29259259259259,141.34814814814814,0.06,0.0548,0.1788,0.2088,0.1256
2024-07-28 00:00:00+01:00,,256.4925925925926,38.38148148148148,29.496296296296297,108.12345679012346,,0.0621,0.1549,0.1938,0.13693333333333335
2024-07-29 00:00:00+01:00,,260.86296296296297,47.15925925925926,34.270370370370365,114.09753086419754,,0.0683,0.1205,0.1724,0.1204
2024-07-30 00:00:00+01:00,,266.75925925925924,62.492592592592594,41.770370370370365,123.67407407407406,,0.0766,0.0693,0.1411,0.09566666666666668
2024-07-31 00:00:00+01:00,255.0,265.9111111111111,87.33846153846154,52.892307692307696,165.28547008547005,0.06,0.0754,0.0089,0.1,0.061075
2024-08-01 00:00:00+01:00,255.0,261.3037037037037,118.6962962962963,68.72962962962963,175.9324074074074,0.06,0.0689,0.0,0.0516,0.045125000000000005
2024-08-02 00:00:00+01:00,,262.96923076923076,148.4814814814815,87.82592592592593,166.4255460588794,,0.0713,0.0,0.0079,0.026400000000000003
2024-08-03 00:00:00+01:00,255.0,263.56666666666666,173.63703703703703,109.34074074074073,200.38611111111112,0.06,0.0721,0.0,0.0,0.033025
2024-08-04 00:00:00+01:00,255.0,263.44814814814816,190.1259259259259,130.04074074074074,209.6537037037037,0.06,0.0719,0.0,0.0,0.032975000000000004
2024-08-05 00:00:00+01:00,270.4,261.82592592592596,199.5153846153846,148.52307692307693,220.06609686609687,0.0817,0.0696,0.0,0.0,0.037825
2024-08-06 00:00:00+01:00,255.0,261.95384615384614,205.84814814814814,165.03703703703704,221.95975783475782,0.06,0.0698,0.0,0.0,0.03245
2024-08-07 00:00:00+01:00,,258.9666666666667,208.86296296296297,176.6185185185185,214.81604938271607,,0.0656,0.0,0.0,0.02186666666666667
2024-08-08 00:00:00+01:00,,259.9222222222222,211.7703703703704,186.51111111111112,219.40123456790124,,0.067,0.002,0.0,0.023000000000000003
2024-08-09 00:00:00+01:00,,261.95185185185187,214.71481481481482,195.35555555555558,224.0074074074074,,0.0698,0.0056,0.0,0.02513333333333333
2024-08-10 00:00:00+01:00,,265.4458333333333,218.1037037037037,204.22222222222223,229.25725308641972,,0.0747,0.0098,0.0,0.02816666666666667
2024-08-11 00:00:00+01:00,,265.30384615384617,219.43703703703704,208.92962962962963,231.2235042735043,,0.0745,0.0114,0.0,0.028633333333333334
2024-08-12 00:00:00+01:00,,262.77407407407406,219.8740740740741,211.7814814814815,231.47654320987655,,0.071,0.012,0.002,0.028333333333333332
2024-08-13 00:00:00+01:00,,266.25384615384615,222.37037037037038,217.8296296296296,235.48461538461538,,0.0759,0.0152,0.0094,0.0335
2024-08-14 00:00:00+01:00,,268.13461538461536,223.20740740740743,220.14074074074074,237.16092117758785,,0.0785,0.0163,0.0123,0.0357
2024-08-15 00:00:00+01:00,,265.8740740740741,223.1,220.3296296296296,236.43456790123457,,0.0753,0.0161,0.0126,0.03466666666666667
2024-08-16 00:00:00+01:00,,265.5740740740741,222.1703703703704,217.45925925925926,235.0679012345679,,0.0749,0.0149,0.009,0.03293333333333333
2024-08-17 00:00:00+01:00,,201.16400000000002,171.7875,160.1625,177.70466666666667,,0.0,0.0,0.0,0.0
2024-08-18 00:00:00+01:00,,9.440740740740742,11.037037037037036,0.3222222222222222,6.933333333333334,,0.2967,0.2879,0.3482,0.31093333333333334
2024-08-19 00:00:00+01:00,,13.81111111111111,14.453846153846154,4.415384615384616,10.893447293447293,,0.2727,0.2692,0.3249,0.2889333333333333
2024-08-20 00:00:00+01:00,,16.31111111111111,17.12962962962963,7.633333333333333,13.691358024691356,,0.2593,0.2549,0.3068,0.27366666666666667
2024-08-21 00:00:00+01:00,,19.97407407407407,20.874074074074073,11.718518518518518,17.522222222222222,,0.2401,0.2355,0.2841,0.25323333333333337
2024-08-22 00:00:00+01:00,,25.07037037037037,25.244444444444444,13.044444444444444,21.119753086419752,,0.2147,0.2139,0.2769,0.23516666666666666
2024-08-23 00:00:00+01:00,,30.77777777777778,28.615384615384617,14.53076923076923,24.641310541310542,,0.1879,0.1979,0.2688,0.21820000000000003
2024-08-24 00:00:00+01:00,,35.851851851851855,31.203703703703702,16.18888888888889,27.748148148148147,,0.1655,0.186,0.2599,0.2038
2024-08-25 00:00:00+01:00,,42.56296296296296,34.08888888888889,17.729629629629628,31.460493827160494,,0.138,0.1732,0.2518,0.18766666666666668
2024-08-26 00:00:00+01:00,,52.92962962962962,37.025925925925925,18.98888888888889,36.31481481481482,,0.0999,0.1606,0.2452,0.16856666666666667
2024-08-27 00:00:00+01:00,,70.72592592592592,40.911111111111104,20.244444444444444,43.96049382716049,,0.0463,0.1446,0.2387,0.1432
2024-08-28 00:00:00+01:00,,99.80740740740741,45.303703703703704,21.607407407407408,55.57283950617284,,0.0,0.1274,0.2318,0.11973333333333334
2024-08-29 00:00:00+01:00,,138.61481481481482,52.4962962962963,23.037037037037038,71.38271604938272,,0.0,0.1014,0.2247,0.1087
2024-08-30 00:00:00+01:00,,177.0851851851852,63.84444444444444,24.81851851851852,88.58271604938273,,0.0,0.0653,0.2159,0.09373333333333334
2024-08-31 00:00:00+01:00,,214.38846153846154,79.85555555555555,26.703703703703702,106.98257359924025,,0.0052,0.0243,0.2069,0.0788
2024-09-01 00:00:00+01:00,,242.76153846153846,103.4148148148148,29.574074074074073,125.25014245014245,,0.0427,0.0,0.1934,0.07869999999999999
2024-09-02 00:00:00+01:00,,256.72962962962964,131.47407407407408,33.788888888888884,140.6641975308642,,0.0624,0.0,0.1745,0.07896666666666667
2024-09-03 00:00:00+01:00,,274.38666666666666,154.99333333333334,38.17333333333333,155.85111111111112,,0.0872,0.0,0.1558,0.081
2024-09-04 00:00:00+01:00,,272.875,171.66538461538462,44.43846153846154,162.9929487179487,,0.0851,0.0,0.1307,0.07193333333333334
2024-09-05 00:00:00+01:00,234.5,272.2,183.30740740740742,55.08518518518518,186.27314814814815,0.0313,0.0841,0.0,0.0926,0.052000000000000005
2024-09-06 00:00:00+01:00,246.8,264.4666666666667,194.72592592592594,67.47037037037038,193.36574074074076,0.0484,0.0734,0.0,0.0551,0.044225
2024-09-07 00:00:00+01:00,250.58333333333334,257.1962962962963,203.97037037037038,82.67037037037036,198.6050925925926,0.0538,0.0631,0.0,0.0182,0.033775
2024-09-08 00:00:00+01:00,246.44285714285712,269.64,200.975,62.35,194.8519642857143,0.0479,0.0806,0.0,0.0697,0.04955
2024-09-09 00:00:00+01:00,192.0,156.55833333333334,63.84,0.092,103.12258333333332,0.0,0.0,0.0654,0.3495,0.103725
2024-09-10 00:00:00+01:00,157.8,51.422222222222224,19.366666666666667,4.3,58.22222222222223,0.0,0.1051,0.2433,0.3256,0.16849999999999998
2024-09-11 00:00:00+01:00,143.925,32.696296296296296,12.674074074074074,8.77037037037037,49.51643518518518,0.0,0.1793,0.2789,0.3004,0.18964999999999999
2024-09-12 00:00:00+01:00,,26.45925925925926,12.537037037037036,11.670370370370371,16.88888888888889,,0.208,0.2796,0.2844,0.25733333333333336
2024-09-13 00:00:00+01:00,121.03333333333335,24.644444444444442,9.070370370370371,1.0703703703703704,38.95462962962963,0.0,0.2168,0.2988,0.3439,0.214875
2024-09-14 00:00:00+01:00,111.08,25.15555555555556,0.8407407407407407,11.637037037037036,37.17833333333333,0.0,0.2143,0.3452,0.2846,0.21102500000000002
2024-09-15 00:00:00+01:00,107.0,27.274074074074072,2.714814814814815,12.977777777777776,37.49166666666667,0.0,0.2042,0.3346,0.2772,0.204
2024-09-16 00:00:00+01:00,104.3,30.496153846153845,1.037037037037037,0.5037037037037037,34.08422364672365,0.0,0.1892,0.3441,0.3471,0.22010000000000002
2024-09-17 00:00:00+01:00,104.7,34.111111111111114,0.17037037037037037,9.655555555555555,37.159259259259265,0.0,0.1731,0.349,0.2955,0.2044
2024-09-18 00:00:00+01:00,104.125,37.81111111111111,1.1333333333333333,12.481481481481481,38.88773148148148,0.0,0.1573,0.3436,0.2799,0.19519999999999998
2024-09-19 00:00:00+01:00,,42.23703703703704,2.6,13.329629629629629,19.38888888888889,,0.1393,0.3352,0.2753,0.24993333333333334
2024-09-20 00:00:00+01:00,106.525,46.98518518518518,4.181481481481482,14.25925925925926,42.98773148148148,0.0,0.1211,0.3263,0.2703,0.179425
2024-09-21 00:00:00+01:00,107.225,55.911111111111104,5.92962962962963,15.396296296296295,46.115509259259255,0.0,0.0899,0.3164,0.2642,0.167625
2024-09-22 00:00:00+01:00,,65.25555555555556,7.4148148148148145,17.07037037037037,29.913580246913583,,0.0613,0.308,0.2553,0.20820000000000002
2024-09-23 00:00:00+01:00,111.15,76.27199999999999,10.26923076923077,0.0,49.42280769230769,0.0,0.0325,0.2921,0.35,0.16865
2024-09-24 00:00:00+01:00,,72.07777777777777,4.144444444444445,2.2333333333333334,26.15185185185185,,0.0429,0.3265,0.3373,0.23556666666666667
2024-09-25 00:00:00+01:00,,53.455555555555556,3.937037037037037,10.274074074074074,22.555555555555557,,0.0981,0.3276,0.2921,0.23926666666666666
2024-09-26 00:00:00+01:00,,42.1037037037037,4.888461538461538,11.95,19.647388414055083,,0.1398,0.3223,0.2828,0.24829999999999997
2024-09-27 00:00:00+01:00,,37.107692307692304,5.5,12.862962962962964,18.490218423551756,,0.1602,0.3188,0.2779,0.25229999999999997
2024-09-28 00:00:00+01:00,,35.281481481481485,6.385185185185185,13.825925925925926,18.497530864197532,,0.168,0.3138,0.2726,0.25146666666666667
2024-09-29 00:00:00+01:00,,34.98888888888889,8.040740740740741,14.91851851851852,19.31604938271605,,0.1692,0.3045,0.2667,0.2468
2024-09-30 00:00:00+01:00,,36.422222222222224,9.7,16.159259259259258,20.76049382716049,,0.1631,0.2953,0.2601,0.23950000000000002
2024-10-01 00:00:00+01:00,,39.03333333333334,10.877777777777778,7.651851851851852,19.187654320987658,,0.1522,0.2888,0.3067,0.24923333333333333
2024-10-02 00:00:00+01:00,,41.970370370370375,1.585185185185185,1.9074074074074074,15.154320987654321,,0.1403,0.341,0.3392,0.2735
2024-10-03 00:00:00+01:00,,14.755555555555555,0.0,0.24444444444444444,4.999999999999999,,0.2676,0.35,0.3486,0.32206666666666667
2024-10-04 00:00:00+01:00,0.0,1.8962962962962964,0.0,0.15925925925925924,0.513888888888889,0.35,0.3392,0.35,0.3491,0.347075
2024-10-05 00:00:00+01:00,,11.092592592592593,0.4740740740740741,9.181481481481482,6.91604938271605,,0.2876,0.3473,0.2982,0.31103333333333333
2024-10-06 00:00:00+01:00,,11.94074074074074,3.4703703703703703,11.31851851851852,8.909876543209876,,0.2829,0.3303,0.2863,0.29983333333333334
2024-10-07 00:00:00+01:00,,12.751851851851852,5.355555555555555,12.18148148148148,10.096296296296297,,0.2785,0.3196,0.2816,0.2932333333333334
2024-10-08 00:00:00+01:00,,3.414814814814815,1.9,2.811111111111111,2.7086419753086424,,0.3306,0.3392,0.334,0.3346
2024-10-09 00:00:00+01:00,,0.9925925925925926,0.0,0.0,0.3308641975308642,,0.3444,0.35,0.35,0.34813333333333335
2024-10-10 00:00:00+01:00,4.625,8.542307692307691,0.025925925925925925,0.5296296296296297,3.4307158119658117,0.3237,0.3017,0.3499,0.347,0.33057499999999995
2024-10-11 00:00:00+01:00,,11.462962962962964,0.2730769230769231,1.6192307692307693,4.4517568850902185,,0.2855,0.3484,0.3408,0.32489999999999997
2024-10-12 00:00:00+01:00,,11.973076923076924,4.0888888888888895,11.244444444444445,9.102136752136753,,0.2827,0.3268,0.2867,0.2987333333333333
2024-10-13 00:00:00+01:00,,12.57777777777778,7.018518518518518,12.514814814814814,10.703703703703704,,0.2794,0.3103,0.2798,0.28983333333333333
2024-10-14 00:00:00+01:00,12.066666666666668,13.02962962962963,1.0296296296296297,0.9592592592592594,6.771296296296296,0.2822,0.2769,0.3441,0.3445,0.311925
2024-10-15 00:00:00+01:00,,13.5,4.5,6.596296296296296,8.198765432098766,,0.2744,0.3245,0.3126,0.30383333333333334
2024-10-16 00:00:00+01:00,13.0,14.214285714285714,8.325,11.665000000000001,11.801071428571428,0.2771,0.2705,0.3029,0.2844,0.283725
2024-10-17 00:00:00+01:00,13.4,14.679166666666667,11.137500000000001,12.174999999999999,12.847916666666666,0.2749,0.268,0.2873,0.2816,0.27795
2024-10-18 00:00:00+01:00,13.4625,15.34074074074074,11.430769230769231,12.176923076923078,13.102733262108263,0.2746,0.2645,0.2857,0.2816,0.2766
2024-10-19 00:00:00+01:00,13.8,16.266666666666666,12.307407407407409,11.792592592592591,13.541666666666666,0.2728,0.2595,0.2809,0.2837,0.274225
2024-10-20 00:00:00+01:00,14.128571428571428,17.78148148148148,13.459259259259259,13.011111111111111,14.59510582010582,0.271,0.2515,0.2746,0.277,0.268525
2024-10-21 00:00:00+01:00,8.966666666666667,19.24074074074074,4.925925925925926,2.5074074074074075,8.910185185185185,0.2994,0.2439,0.322,0.3358,0.30027499999999996
2024-10-22 00:00:00+01:00,2.7545454545454544,11.188461538461537,0.06666666666666667,0.0,3.5024184149184143,0.3343,0.287,0.3496,0.35,0.330225
2024-10-23 00:00:00+01:00,0.26666666666666666,4.96,0.0,0.0,1.3066666666666666,0.3485,0.3219,0.35,0.35,0.3426
2024-10-24 00:00:00+01:00,7.400000000000001,12.096296296296297,2.2074074074074073,1.0666666666666667,5.692592592592592,0.3081,0.282,0.3375,0.3439,0.317875
2024-10-25 00:00:00+01:00,10.850000000000001,13.203846153846154,6.296296296296297,6.692592592592592,9.260683760683762,0.2889,0.276,0.3143,0.3121,0.297825
2024-10-26 00:00:00+01:00,11.5,13.945833333333333,10.011538461538462,10.646153846153847,11.52588141025641,0.2853,0.272,0.2935,0.29,0.2852
2024-10-27 00:00:00+01:00,12.366666666666667,14.622222222222222,10.703703703703704,11.414814814814815,12.276851851851852,0.2806,0.2683,0.2897,0.2858,0.2811
2024-10-28 00:00:00+01:00,3.6363636363636362,15.007692307692308,1.411111111111111,1.2999999999999998,5.338791763791764,0.3293,0.2662,0.342,0.3426,0.320025
2024-10-29 00:00:00+01:00,9.8,14.674074074074074,3.774074074074074,0.05555555555555555,7.075925925925927,0.2947,0.268,0.3286,0.3497,0.31025
2024-10-30 00:00:00+01:00,11.82,14.937037037037037,10.37037037037037,5.3962962962962955,10.630925925925926,0.2836,0.2666,0.2916,0.3194,0.2903
2024-10-31 00:00:00+01:00,12.933333333333332,15.392592592592594,11.403703703703703,10.881481481481481,12.652777777777777,0.2775,0.2642,0.2859,0.2887,0.279075
2024-11-01 00:00:00+01:00,13.575,15.853846153846153,11.7,11.60740740740741,13.18406339031339,0.274,0.2617,0.2842,0.2847,0.27615
2024-11-02 00:00:00+01:00,14.025,16.192592592592593,12.125925925925925,11.885185185185184,13.557175925925927,0.2715,0.2599,0.2819,0.2832,0.27412500000000006
2024-11-03 00:00:00+01:00,14.450000000000001,16.748148148148147,12.488888888888889,12.57037037037037,14.064351851851852,0.2692,0.257,0.2799,0.2795,0.27140000000000003
2024-11-04 00:00:00+01:00,14.75,17.170370370370367,11.488888888888889,11.603703703703705,13.75324074074074,0.2676,0.2547,0.2854,0.2848,0.273125
2024-11-05 00:00:00+01:00,15.066666666666668,17.651851851851852,12.062962962962963,11.955555555555556,14.18425925925926,0.2659,0.2522,0.2822,0.2828,0.270775
2024-11-06 00:00:00+01:00,6.550000000000001,18.255555555555556,2.1222222222222222,1.7851851851851852,7.178240740740741,0.3129,0.249,0.3379,0.3399,0.309925
2024-11-07 00:00:00+01:00,9.8,14.088888888888889,4.211111111111111,0.05185185185185185,7.037962962962963,0.2947,0.2712,0.3261,0.3497,0.31042500000000006
2024-11-08 00:00:00+01:00,8.566666666666666,10.185185185185185,5.2,0.0,5.987962962962963,0.3016,0.2926,0.3205,0.35,0.316175
2024-11-09 00:00:00+01:00,,11.11111111111111,8.903703703703703,2.3925925925925924,7.469135802469135,,0.2875,0.2997,0.3364,0.3078666666666667
2024-11-10 00:00:00+01:00,11.3,11.46923076923077,10.166666666666666,5.651851851851852,9.646937321937322,0.2864,0.2855,0.2927,0.3179,0.295625
2024-11-11 00:00:00+01:00,3.9,10.44074074074074,2.1481481481481484,0.4407407407407407,4.232407407407407,0.3279,0.2912,0.3378,0.3475,0.3261
2024-11-12 00:00:00+01:00,10.55,11.0,8.666666666666666,1.8222222222222224,8.009722222222223,0.2906,0.2881,0.301,0.3396,0.304825
2024-11-13 00:00:00+01:00,11.25,11.681481481481482,10.366666666666665,8.625925925925927,10.48101851851852,0.2867,0.2843,0.2916,0.3013,0.290975
2024-11-14 00:00:00+01:00,11.966666666666667,12.437037037037037,10.881481481481481,10.411111111111111,11.424074074074074,0.2828,0.2802,0.2887,0.2913,0.28574999999999995
2024-11-15 00:00:00+01:00,12.55,13.049999999999999,11.021739130434783,11.021739130434783,11.910869565217391,0.2796,0.2768,0.288,0.288,0.2831
2024-11-16 00:00:00+01:00,12.875,13.592592592592593,11.425925925925926,11.807407407407409,12.425231481481482,0.2778,0.2739,0.2857,0.2836,0.28025
2024-11-17 00:00:00+01:00,13.2,14.074074074074074,11.792592592592591,12.459259259259259,12.88148148148148,0.276,0.2713,0.2837,0.2801,0.277775
2024-11-18 00:00:00+01:00,13.533333333333333,14.47037037037037,11.992592592592594,12.955555555555556,13.237962962962962,0.2742,0.2691,0.2826,0.2773,0.27580000000000005
2024-11-19 00:00:00+01:00,13.800000000000002,14.87037037037037,12.262962962962964,13.481481481481481,13.603703703703705,0.2728,0.267,0.2811,0.2745,0.27385000000000004
2024-11-20 00:00:00+01:00,14.059999999999999,15.322222222222221,12.625925925925925,14.07037037037037,14.019629629629629,0.2713,0.2646,0.2791,0.2713,0.271575
2024-11-21 00:00:00+01:00,14.45,15.844444444444445,12.58148148148148,14.28888888888889,14.291203703703705,0.2692,0.2618,0.2794,0.2701,0.27012499999999995
2024-11-22 00:00:00+01:00,14.7,16.337037037037035,12.84074074074074,14.911111111111111,14.697222222222221,0.2679,0.2591,0.278,0.2668,0.26795
2024-11-23 00:00:00+01:00,14.922222222222224,16.92962962962963,13.107407407407406,15.466666666666667,15.106481481481483,0.2667,0.256,0.2765,0.2638,0.26575
2024-11-24 00:00:00+01:00,15.2,17.361538461538462,13.437037037037037,16.01851851851852,15.504273504273504,0.2652,0.2537,0.2747,0.2608,0.26359999999999995
2024-11-25 00:00:00+01:00,15.62,17.711111111111112,13.515384615384615,16.226923076923075,15.768354700854701,0.263,0.2519,0.2743,0.2597,0.262225
2024-11-26 00:00:00+01:00,15.663636363636362,18.557692307692307,13.696153846153846,16.73846153846154,16.163986013986015,0.2627,0.2475,0.2733,0.257,0.260125
2024-11-27 00:00:00+01:00,15.833333333333334,19.244444444444444,13.137037037037036,17.266666666666666,16.37037037037037,0.2618,0.2439,0.2764,0.2542,0.259075
2024-11-28 00:00:00+01:00,15.99,19.796296296296298,7.248148148148148,16.44074074074074,14.868796296296296,0.261,0.241,0.309,0.2586,0.26739999999999997
2024-11-29 00:00:00+01:00,6.2,19.937037037037037,1.2592592592592593,1.7407407407407407,7.284259259259259,0.3149,0.2403,0.3428,0.3401,0.309525
2024-11-30 00:00:00+01:00,10.799999999999999,20.75185185185185,9.737037037037036,7.37037037037037,12.164814814814815,0.2892,0.2362,0.2951,0.3083,0.2822
2024-12-01 00:00:00+01:00,11.799999999999999,21.76153846153846,10.496296296296295,10.555555555555555,13.653347578347578,0.2837,0.2311,0.2909,0.2905,0.27405
2024-12-02 00:00:00+01:00,9.9625,22.81111111111111,2.9074074074074074,2.585185185185185,9.566550925925924,0.2938,0.2258,0.3335,0.3353,0.29710000000000003
2024-12-03 00:00:00+01:00,10.9,23.562962962962963,9.392592592592592,3.437037037037037,11.823148148148148,0.2886,0.2221,0.297,0.3305,0.28455
2024-12-04 00:00:00+01:00,9.9875,25.211111111111112,1.596296296296296,1.1074074074074074,9.475578703703704,0.2937,0.214,0.3409,0.3437,0.298075
2024-12-05 00:00:00+01:00,10.02,26.70384615384615,8.074074074074074,0.26666666666666666,11.266146723646724,0.2935,0.2069,0.3043,0.3485,0.2883
2024-12-06 00:00:00+01:00,10.571428571428571,27.625925925925927,9.351851851851851,3.1777777777777776,12.68174603174603,0.2904,0.2025,0.2972,0.3319,0.28049999999999997
2024-12-07 00:00:00+01:00,11.36153846153846,29.326923076923077,10.084,9.376,15.037115384615385,0.2861,0.1946,0.2931,0.2971,0.267725
2024-12-08 00:00:00+01:00,12.0125,30.7,10.414814814814815,10.314814814814815,15.860532407407407,0.2825,0.1883,0.2913,0.2919,0.2635
2024-12-09 00:00:00+01:00,12.385714285714286,33.0,10.94,11.008,16.83342857142857,0.2805,0.1779,0.2884,0.288,0.2587
2024-12-10 00:00:00+01:00,12.66,34.303703703703704,11.277777777777779,11.65925925925926,17.475185185185186,0.279,0.1722,0.2865,0.2844,0.255525
2024-12-11 00:00:00+01:00,12.958333333333334,35.614814814814814,11.562962962962963,12.15925925925926,18.073842592592595,0.2773,0.1666,0.285,0.2817,0.25265
2024-12-12 00:00:00+01:00,,35.86296296296296,11.607407407407406,12.18148148148148,19.883950617283947,,0.1655,0.2847,0.2816,0.24393333333333334
2024-12-13 00:00:00+01:00,13.433333333333332,36.46666666666667,11.814814814814815,12.633333333333335,18.58703703703704,0.2747,0.1629,0.2836,0.2791,0.25007500000000005
2024-12-14 00:00:00+01:00,13.55,37.68888888888889,12.02962962962963,13.07037037037037,19.084722222222226,0.2741,0.1578,0.2824,0.2767,0.24774999999999997
2024-12-15 00:00:00+01:00,14.033333333333333,39.088888888888896,11.955555555555556,13.281481481481482,19.589814814814815,0.2715,0.152,0.2828,0.2756,0.245475
2024-12-16 00:00:00+01:00,14.26,40.422222222222224,12.103703703703705,13.614814814814814,20.100185185185182,0.2703,0.1465,0.282,0.2738,0.24314999999999998
2024-12-17 00:00:00+01:00,14.350000000000001,41.5037037037037,12.37037037037037,13.988888888888889,20.55324074074074,0.2698,0.1422,0.2805,0.2717,0.24105
2024-12-18 00:00:00+01:00,14.525,42.72222222222222,12.61923076923077,14.342307692307692,21.05219017094017,0.2688,0.1374,0.2792,0.2698,0.2388
2024-12-19 00:00:00+01:00,14.76,44.114814814814814,12.696296296296296,14.55925925925926,21.532592592592593,0.2676,0.132,0.2788,0.2687,0.236775
2024-12-20 00:00:00+01:00,14.955555555555556,45.3074074074074,12.703703703703704,14.670370370370371,21.909259259259258,0.2665,0.1274,0.2787,0.2681,0.23517500000000002
2024-12-21 00:00:00+01:00,15.26,47.01851851851852,12.78076923076923,14.911538461538461,22.49270655270655,0.2649,0.121,0.2783,0.2668,0.23275
2024-12-22 00:00:00+01:00,15.5,48.355555555555554,12.94074074074074,15.28888888888889,23.021296296296295,0.2636,0.1161,0.2774,0.2647,0.23045
2024-12-23 00:00:00+01:00,15.95,50.403703703703705,13.011111111111111,15.625925925925925,23.747685185185183,0.2612,0.1087,0.277,0.2629,0.22745
2024-12-24 00:00:00+01:00,16.216666666666665,52.58148148148148,13.185185185185185,15.907407407407407,24.472685185185185,0.2598,0.1011,0.2761,0.2614,0.22460000000000002
2024-12-25 00:00:00+01:00,16.5,54.17407407407408,13.262962962962964,14.662962962962965,24.65,0.2583,0.0957,0.2757,0.2681,0.22444999999999998
2024-12-26 00:00:00+01:00,15.15,55.50384615384615,13.007407407407406,0.9629629629629629,21.156054131054127,0.2655,0.0912,0.2771,0.3445,0.244575
2024-12-27 00:00:00+01:00,11.6,52.766666666666666,10.962962962962964,2.022222222222222,19.337962962962962,0.2848,0.1005,0.2883,0.3385,0.253025
2024-12-28 00:00:00+01:00,11.199999999999998,42.400000000000006,10.488461538461538,3.4153846153846152,16.87596153846154,0.287,0.1386,0.2909,0.3306,0.261775
2024-12-29 00:00:00+01:00,11.5,30.426923076923078,10.588888888888889,8.62962962962963,15.286360398860399,0.2853,0.1895,0.2903,0.3012,0.266575
2024-12-30 00:00:00+01:00,11.850000000000001,20.996153846153845,10.807407407407409,9.348148148148148,13.250427350427351,0.2834,0.2349,0.2891,0.2972,0.27615
2024-12-31 00:00:00+01:00,10.799999999999999,17.624000000000002,10.24074074074074,2.1037037037037036,10.19211111111111,0.2892,0.2523,0.2923,0.338,0.29295000000000004
2025-01-01 00:00:00+01:00,10.183333333333332,12.170370370370371,9.474074074074075,1.614814814814815,8.360648148148147,0.2926,0.2816,0.2965,0.3408,0.302875
2025-01-02 00:00:00+01:00,,6.2,2.107407407407407,0.1925925925925926,2.8333333333333335,,0.3149,0.338,0.3489,0.33393333333333336
2025-01-03 00:00:00+01:00,8.8,9.503703703703705,4.051851851851851,1.2148148148148148,5.892592592592592,0.3003,0.2964,0.327,0.3431,0.3167
2025-01-04 00:00:00+01:00,9.7,10.95185185185185,8.955555555555556,7.985185185185185,9.398148148148149,0.2953,0.2883,0.2994,0.3048,0.29695
2025-01-05 00:00:00+01:00,,11.614814814814814,9.55925925925926,9.4,10.19135802469136,,0.2847,0.2961,0.2969,0.29256666666666664
2025-01-06 00:00:00+01:00,,12.203703703703704,9.885185185185184,9.996296296296295,10.69506172839506,,0.2815,0.2942,0.2936,0.2897666666666667
2025-01-07 00:00:00+01:00,,12.737037037037036,10.233333333333334,10.637037037037036,11.202469135802469,,0.2785,0.2923,0.2901,0.28696666666666665
2025-01-08 00:00:00+01:00,11.5,13.203703703703704,10.507407407407406,11.133333333333333,11.58611111111111,0.2853,0.276,0.2908,0.2873,0.28485000000000005
2025-01-09 00:00:00+01:00,,13.674074074074074,10.703703703703704,11.603703703703705,11.993827160493828,,0.2734,0.2897,0.2848,0.2826333333333333
2025-01-10 00:00:00+01:00,12.07,13.91851851851852,10.87037037037037,11.907407407407407,12.191574074074072,0.2822,0.2721,0.2888,0.2831,0.28154999999999997
2025-01-11 00:00:00+01:00,12.199999999999998,14.18148148148148,11.092592592592593,12.307407407407409,12.445370370370371,0.2815,0.2707,0.2876,0.2809,0.280175
2025-01-12 00:00:00+01:00,12.6,14.65925925925926,11.014814814814814,12.633333333333333,12.726851851851851,0.2793,0.2681,0.288,0.2791,0.278625
2025-01-13 00:00:00+01:00,12.9,15.055555555555555,11.21111111111111,11.24074074074074,12.601851851851851,0.2777,0.266,0.2869,0.2867,0.279325
2025-01-14 00:00:00+01:00,,14.896153846153847,11.246153846153845,6.988461538461538,11.043589743589743,,0.2668,0.2867,0.3104,0.28796666666666665
2025-01-15 00:00:00+01:00,11.25,12.903703703703705,10.41851851851852,6.285185185185185,10.214351851851852,0.2867,0.2776,0.2913,0.3144,0.2925
2025-01-16 00:00:00+01:00,11.2,12.972000000000001,10.36153846153846,8.911538461538461,10.861269230769231,0.287,0.2773,0.2916,0.2997,0.28890000000000005
2025-01-17 00:00:00+01:00,,6.477777777777778,0.2576923076923077,6.519230769230769,4.418233618233618,,0.3133,0.3485,0.3131,0.3249666666666666
2025-01-18 00:00:00+01:00,7.675,9.637037037037036,5.162962962962963,5.437037037037038,6.9780092592592595,0.3066,0.2956,0.3207,0.3192,0.310525
2025-01-19 00:00:00+01:00,9.533333333333333,11.088888888888889,8.918518518518518,8.866666666666667,9.601851851851851,0.2962,0.2876,0.2996,0.2999,0.295825
2025-01-20 00:00:00+01:00,10.5,11.783333333333333,9.554166666666665,9.704166666666667,10.385416666666666,0.2908,0.2838,0.2961,0.2952,0.29147500000000004
2025-01-21 00:00:00+01:00,11.033333333333333,12.292592592592595,9.97037037037037,10.355555555555556,10.912962962962963,0.2879,0.281,0.2938,0.2916,0.288575
2025-01-22 00:00:00+01:00,11.4,12.669230769230769,10.377777777777778,10.92962962962963,11.344159544159545,0.2859,0.2789,0.2915,0.2885,0.2862
2025-01-23 00:00:00+01:00,,13.011111111111111,10.714814814814815,11.462962962962964,11.72962962962963,,0.277,0.2897,0.2855,0.28406666666666663
2025-01-24 00:00:00+01:00,,13.414814814814815,10.94814814814815,12.022222222222224,12.128395061728396,,0.2748,0.2884,0.2825,0.2819
2025-01-25 00:00:00+01:00,,13.78888888888889,11.148148148148149,12.485185185185186,12.474074074074075,,0.2728,0.2873,0.2799,0.28
2025-01-26 00:00:00+01:00,,14.08148148148148,11.474074074074075,12.907407407407407,12.820987654320987,,0.2712,0.2855,0.2776,0.2781
2025-01-27 00:00:00+01:00,,14.585185185185185,11.65925925925926,13.4,13.214814814814815,,0.2685,0.2844,0.2749,0.2759333333333333
2025-01-28 00:00:00+01:00,13.9,14.862962962962964,11.925925925925926,13.72962962962963,13.60462962962963,0.2722,0.267,0.283,0.2731,0.273825
2025-01-29 00:00:00+01:00,8.95,10.07037037037037,9.138461538461538,3.226923076923077,7.846438746438746,0.2994,0.2932,0.2984,0.3317,0.30567500000000003
2025-01-30 00:00:00+01:00,10.0,11.044444444444444,9.814814814814815,6.381481481481482,9.310185185185185,0.2936,0.2878,0.2946,0.3138,0.29745
2025-01-31 00:00:00+01:00,10.8,11.77037037037037,10.396296296296295,9.322222222222221,10.572222222222223,0.2892,0.2838,0.2914,0.2974,0.29045
2025-02-01 00:00:00+01:00,11.5,12.17037037037037,10.644444444444444,10.185185185185185,11.125,0.2853,0.2816,0.29,0.2926,0.287375
2025-02-02 00:00:00+01:00,8.78,9.55185185185185,7.348148148148148,5.262962962962963,7.735740740740741,0.3004,0.2961,0.3084,0.3201,0.30625
2025-02-03 00:00:00+01:00,9.98,11.25,9.28888888888889,8.777777777777779,9.824166666666667,0.2937,0.2867,0.2976,0.3004,0.2946
2025-02-04 00:00:00+01:00,,11.896153846153847,10.04074074074074,9.318518518518518,10.418471035137701,,0.2831,0.2934,0.2974,0.2913
2025-02-05 00:00:00+01:00,11.6,12.555555555555555,10.574074074074074,10.088888888888889,11.204629629629629,0.2848,0.2795,0.2904,0.2931,0.28695000000000004
2025-02-06 00:00:00+01:00,,12.881481481481481,10.8,8.781481481481482,10.820987654320987,,0.2778,0.2892,0.3004,0.2891333333333333
2025-02-07 00:00:00+01:00,10.7,10.148148148148149,7.366666666666667,6.192592592592592,8.601851851851851,0.2897,0.2928,0.3083,0.3149,0.301425
2025-02-08 00:00:00+01:00,7.922222222222222,9.059259259259258,2.837037037037037,5.807407407407408,6.406481481481481,0.3052,0.2988,0.3339,0.3171,0.31375000000000003
2025-02-09 00:00:00+01:00,9.85,11.141666666666666,9.28888888888889,7.1,9.34513888888889,0.2944,0.2873,0.2976,0.3098,0.297275
2025-02-10 00:00:00+01:00,11.2,11.881481481481481,10.185185185185185,9.066666666666666,10.583333333333332,0.287,0.2832,0.2926,0.2988,0.2904
2025-02-11 00:00:00+01:00,11.373333333333333,11.78888888888889,10.525925925925925,8.951851851851853,10.66,0.286,0.2837,0.2907,0.2994,0.28995000000000004
2025-02-12 00:00:00+01:00,11.800000000000002,12.362962962962964,10.85925925925926,9.348148148148148,11.092592592592593,0.2837,0.2806,0.2889,0.2972,0.28759999999999997
2025-02-13 00:00:00+01:00,,12.86153846153846,11.23076923076923,10.096153846153847,11.396153846153846,,0.2779,0.2868,0.2931,0.2859333333333333
2025-02-14 00:00:00+01:00,12.850000000000001,13.374074074074075,11.553846153846154,10.842307692307692,12.15505698005698,0.2779,0.2751,0.285,0.2889,0.28172499999999995
2025-02-15 00:00:00+01:00,13.433333333333332,13.92962962962963,11.877777777777778,11.625925925925925,12.716666666666667,0.2747,0.2721,0.2832,0.2846,0.27865
2025-02-16 00:00:00+01:00,,14.41851851851852,12.238461538461538,12.21923076923077,12.958736942070274,,0.2694,0.2813,0.2814,0.27736666666666665
2025-02-17 00:00:00+01:00,14.1,14.823076923076924,12.438461538461537,12.757692307692308,13.529807692307692,0.2711,0.2672,0.2802,0.2784,0.274225
2025-02-18 00:00:00+01:00,,15.125925925925925,12.68148148148148,13.255555555555555,13.687654320987653,,0.2656,0.2788,0.2757,0.2733666666666667
2025-02-19 00:00:00+01:00,,15.411538461538461,12.87037037037037,13.722222222222221,14.001377018043684,,0.2641,0.2778,0.2732,0.2717
2025-02-20 00:00:00+01:00,,15.661538461538461,13.034615384615384,14.149999999999999,14.28205128205128,,0.2627,0.2769,0.2709,0.27016666666666667
2025-02-21 00:00:00+01:00,15.1,15.862962962962964,13.207407407407409,14.666666666666666,14.709259259259259,0.2657,0.2617,0.276,0.2681,0.267875
2025-02-22 00:00:00+01:00,15.200000000000001,16.085185185185185,13.381481481481481,15.162962962962963,14.957407407407407,0.2652,0.2605,0.275,0.2654,0.266525
2025-02-23 00:00:00+01:00,15.366666666666667,16.33076923076923,13.607407407407406,15.748148148148148,15.263247863247862,0.2643,0.2592,0.2738,0.2623,0.26489999999999997
2025-02-24 00:00:00+01:00,,16.562962962962963,13.75925925925926,16.31111111111111,15.544444444444444,,0.2579,0.273,0.2593,0.2634
2025-02-25 00:00:00+01:00,15.815384615384614,16.762962962962963,13.974074074074075,16.92222222222222,15.868660968660969,0.2619,0.2569,0.2718,0.256,0.26165
2025-02-26 00:00:00+01:00,16.185714285714287,17.051851851851854,14.025925925925925,17.270370370370372,16.13346560846561,0.2599,0.2554,0.2715,0.2542,0.26025000000000004
2025-02-27 00:00:00+01:00,16.477777777777778,17.400000000000002,14.455555555555556,17.977777777777778,16.57777777777778,0.2584,0.2535,0.2692,0.2505,0.2579
2025-02-28 00:00:00+01:00,16.740909090909092,17.751851851851853,14.777777777777779,18.433333333333334,16.925968013468015,0.257,0.2517,0.2675,0.2481,0.256075
2025-03-01 00:00:00+01:00,16.858333333333334,17.848148148148148,14.85925925925926,19.0962962962963,17.16550925925926,0.2564,0.2512,0.267,0.2447,0.254825
2025-03-02 00:00:00+01:00,16.866666666666664,17.86296296296296,14.812000000000001,19.352,17.223407407407407,0.2563,0.2511,0.2673,0.2433,0.2545
2025-03-03 00:00:00+01:00,17.0,18.066666666666666,15.196296296296296,20.01111111111111,17.568518518518516,0.2556,0.25,0.2652,0.2399,0.252675
2025-03-04 00:00:00+01:00,17.2,18.307407407407407,15.344444444444445,20.54074074074074,17.848148148148148,0.2546,0.2488,0.2644,0.2372,0.25125000000000003
2025-03-05 00:00:00+01:00,17.257142857142856,18.562962962962963,15.437037037037037,20.807407407407407,18.016137566137566,0.2543,0.2474,0.2639,0.2359,0.250375
2025-03-06 00:00:00+01:00,17.5,18.87037037037037,15.481481481481481,20.94074074074074,18.198148148148146,0.253,0.2458,0.2637,0.2352,0.24942499999999998
2025-03-07 00:00:00+01:00,9.377777777777778,9.670370370370371,11.177777777777779,5.866666666666667,9.023148148148149,0.2971,0.2954,0.2871,0.3167,0.299075
2025-03-08 00:00:00+01:00,10.3,10.692592592592591,10.477777777777776,8.377777777777778,9.962037037037037,0.2919,0.2898,0.291,0.3026,0.293825
2025-03-09 00:00:00+01:00,10.799999999999999,11.62962962962963,11.096296296296297,9.448148148148148,10.743518518518519,0.2892,0.2846,0.2875,0.2967,0.28950000000000004
2025-03-10 00:00:00+01:00,11.71875,12.31111111111111,11.542307692307693,10.242307692307692,11.453619123931624,0.2841,0.2809,0.2851,0.2923,0.28559999999999997
2025-03-11 00:00:00+01:00,12.48,13.02222222222222,11.92962962962963,11.040740740740741,12.118148148148148,0.2799,0.277,0.283,0.2879,0.28195
2025-03-12 00:00:00+01:00,12.9,13.474074074074075,12.037037037037036,11.644444444444444,12.51388888888889,0.2777,0.2745,0.2824,0.2845,0.279775
2025-03-13 00:00:00+01:00,13.371428571428572,13.942307692307692,12.403703703703703,12.351851851851851,13.017322954822955,0.2751,0.272,0.2804,0.2806,0.277025
2025-03-14 00:00:00+01:00,13.80625,14.42962962962963,12.766666666666666,12.925925925925926,13.482118055555555,0.2727,0.2694,0.2784,0.2775,0.2745
2025-03-15 00:00:00+01:00,14.171428571428573,14.903703703703703,13.095999999999998,13.532,13.925783068783069,0.2707,0.2668,0.2766,0.2742,0.272075
2025-03-16 00:00:00+01:00,14.545454545454545,15.4,13.459259259259259,14.225925925925926,14.407659932659934,0.2687,0.2641,0.2746,0.2705,0.26947499999999996
2025-03-17 00:00:00+01:00,14.884615384615385,15.774074074074074,13.74074074074074,14.933333333333334,14.833190883190884,0.2669,0.2621,0.2731,0.2666,0.267175
2025-03-18 00:00:00+01:00,15.221052631578948,16.14814814814815,13.992592592592594,15.54814814814815,15.22748538011696,0.2651,0.2601,0.2717,0.2633,0.26505
2025-03-19 00:00:00+01:00,15.61176470588235,16.400000000000002,14.092592592592593,15.94814814814815,15.513126361655775,0.263,0.2588,0.2712,0.2612,0.26355
2025-03-20 00:00:00+01:00,15.873913043478263,17.214814814814815,14.514814814814814,17.09259259259259,16.17403381642512,0.2616,0.2545,0.2689,0.2551,0.26002499999999995
2025-03-21 00:00:00+01:00,16.128,17.266666666666666,14.78888888888889,17.94814814814815,16.532925925925927,0.2602,0.2542,0.2674,0.2506,0.2581
2025-03-22 00:00:00+01:00,16.4125,18.057692307692307,15.122222222222222,18.88888888888889,17.120325854700855,0.2587,0.2501,0.2656,0.2457,0.255025
2025-03-23 00:00:00+01:00,16.65,18.359259259259257,15.514814814814814,19.833333333333332,17.58935185185185,0.2575,0.2485,0.2635,0.2409,0.25260000000000005
2025-03-24 00:00:00+01:00,16.9,18.953846153846154,16.18888888888889,21.125925925925927,18.29216524216524,0.2562,0.2454,0.2599,0.2343,0.24895
2025-03-25 00:00:00+01:00,,19.665384615384617,16.57777777777778,21.77037037037037,19.337844254510923,,0.2417,0.2579,0.231,0.24353333333333335
2025-03-26 00:00:00+01:00,18.1,20.49259259259259,17.20740740740741,22.562962962962963,19.590740740740742,0.2498,0.2375,0.2545,0.227,0.2422
2025-03-27 00:00:00+01:00,,21.333333333333332,17.666666666666668,23.0,20.666666666666668,,0.2332,0.2521,0.2249,0.23673333333333332
2025-03-28 00:00:00+01:00,,22.177777777777777,18.37037037037037,23.833333333333332,21.46049382716049,,0.229,0.2484,0.2207,0.23270000000000002
2025-03-29 00:00:00+01:00,19.066666666666666,23.22222222222222,18.992307692307694,24.77692307692308,21.514529914529916,0.2448,0.2238,0.2452,0.2161,0.232475
2025-03-30 00:00:00+01:00,,24.544444444444448,19.70740740740741,25.833333333333332,23.36172839506173,,0.2173,0.2415,0.211,0.22326666666666664
2025-03-31 00:00:00+01:00,19.759999999999998,25.685185185185187,20.523076923076925,26.66923076923077,23.15937321937322,0.2412,0.2117,0.2373,0.207,0.22429999999999997
2025-04-01 00:00:00+01:00,20.366666666666664,27.40740740740741,21.47407407407407,27.548148148148147,24.199074074074073,0.2381,0.2035,0.2325,0.2029,0.21925
2025-04-02 00:00:00+01:00,21.05,29.71851851851852,22.9,28.788888888888888,25.61435185185185,0.2346,0.1928,0.2254,0.197,0.21245000000000003
2025-04-03 00:00:00+01:00,21.633333333333336,31.857692307692307,24.225925925925928,30.348148148148148,27.016274928774926,0.2317,0.183,0.2188,0.1899,0.20584999999999998
2025-04-04 00:00:00+01:00,22.266666666666666,34.12692307692308,25.57037037037037,32.181481481481484,28.5363603988604,0.2285,0.173,0.2123,0.1816,0.19884999999999997
2025-04-05 00:00:00+01:00,22.6,36.75185185185185,26.984615384615385,33.661538461538456,29.999501424501425,0.2269,0.1617,0.2055,0.175,0.19227499999999997
2025-04-06 00:00:00+01:00,,39.111111111111114,28.685185185185187,34.43703703703704,34.07777777777778,,0.1519,0.1975,0.1716,0.17366666666666666
2025-04-07 00:00:00+01:00,24.9,41.766666666666666,30.996296296296297,35.57037037037037,33.30833333333333,0.2155,0.1412,0.1869,0.1667,0.177575
2025-04-08 00:00:00+01:00,26.5,45.83461538461539,33.540740740740745,36.86296296296297,35.68457977207977,0.2078,0.1254,0.1756,0.1612,0.1675
2025-04-09 00:00:00+01:00,27.4,47.818518518518516,35.75925925925926,38.31481481481482,37.32314814814815,0.2036,0.118,0.1659,0.1552,0.160675
2025-04-10 00:00:00+01:00,28.6,50.06296296296296,37.303703703703704,39.629629629629626,38.89907407407407,0.1979,0.1099,0.1594,0.1498,0.15425
2025-04-11 00:00:00+01:00,,53.75925925925926,40.111538461538466,41.18846153846154,45.01975308641975,,0.0971,0.1478,0.1435,0.12946666666666665
2025-04-12 00:00:00+01:00,,56.425925925925924,41.18888888888888,42.68518518518518,46.76666666666666,,0.0882,0.1435,0.1375,0.12306666666666666
2025-04-13 00:00:00+01:00,34.0,58.662962962962965,42.148148148148145,44.45925925925926,44.81759259259259,0.1735,0.0811,0.1396,0.1306,0.13119999999999998
2025-04-14 00:00:00+01:00,,61.34444444444444,44.1,45.9962962962963,50.48024691358025,,0.0728,0.132,0.1248,0.10986666666666667
2025-04-15 00:00:00+01:00,,65.54074074074073,47.2037037037037,47.55555555555556,53.43333333333334,,0.0605,0.1203,0.119,0.09993333333333333
2025-04-16 00:00:00+01:00,41.8,69.30740740740741,48.029629629629625,49.351851851851855,52.12222222222222,0.141,0.0501,0.1173,0.1125,0.105225
2025-04-17 00:00:00+01:00,,75.06153846153846,51.00769230769231,50.86538461538461,58.978205128205126,,0.0354,0.1066,0.1071,0.08303333333333333
2025-04-18 00:00:00+01:00,,80.47777777777777,53.74615384615385,50.565384615384616,61.59643874643874,,0.0229,0.0971,0.1081,0.07603333333333334
2025-04-19 00:00:00+01:00,49.0,84.8851851851852,55.44814814814814,51.92962962962962,60.31574074074074,0.1137,0.0137,0.0914,0.1033,0.080525
2025-04-20 00:00:00+01:00,,91.7925925925926,58.007407407407406,53.84814814814815,67.88271604938272,,0.0007,0.0831,0.0968,0.0602
2025-04-21 00:00:00+01:00,58.27,95.25555555555556,57.229629629629635,55.84074074074074,66.64898148148148,0.0823,0.0,0.0856,0.0901,0.0645
2025-04-22 00:00:00+01:00,59.95,103.86296296296297,62.1,56.385185185185186,70.57453703703703,0.077,0.0,0.0705,0.0884,0.058975
2025-04-23 00:00:00+01:00,66.7,111.17407407407407,64.5925925925926,57.06296296296296,74.88240740740741,0.0572,0.0,0.0632,0.0862,0.05165
2025-04-24 00:00:00+01:00,72.2,118.5851851851852,67.58148148148149,58.592592592592595,79.23981481481482,0.0425,0.0,0.0548,0.0813,0.044649999999999995
2025-04-25 00:00:00+01:00,72.80000000000001,125.15555555555555,70.808,61.424,82.54688888888889,0.041,0.0,0.0461,0.0725,0.039900000000000005
2025-04-26 00:00:00+01:00,78.3,132.2962962962963,73.68888888888888,65.25185185185185,87.38425925925927,0.0278,0.0,0.0388,0.0613,0.031974999999999996
2025-04-27 00:00:00+01:00,82.9,139.26296296296297,77.48148148148148,68.08518518518518,91.93240740740741,0.0178,0.0,0.0297,0.0534,0.025225
2025-04-28 00:00:00+01:00,83.95,139.20000000000002,78.78461538461539,69.99230769230769,92.98173076923078,0.0156,0.0,0.0267,0.0483,0.022650000000000003
2025-04-29 00:00:00+01:00,,144.85185185185185,83.55185185185185,71.15185185185184,99.85185185185185,,0.0,0.0164,0.0452,0.020533333333333334
2025-04-30 00:00:00+01:00,,150.82692307692307,88.22962962962963,73.26666666666667,104.10773979107312,,0.0,0.0072,0.0399,0.0157
2025-05-01 00:00:00+01:00,,156.8296296296296,92.57777777777777,77.24814814814815,108.8851851851852,,0.0,0.0,0.0302,0.010066666666666666
2025-05-02 00:00:00+01:00,,160.2296296296296,96.28148148148148,81.95185185185184,112.82098765432097,,0.0,0.0,0.0198,0.006600000000000001
2025-05-03 00:00:00+01:00,,162.46296296296296,99.67307692307692,85.55384615384615,115.89662867996202,,0.0,0.0,0.0123,0.0041
2025-05-04 00:00:00+01:00,118.15,155.83333333333334,97.67777777777779,85.61111111111111,114.31805555555556,0.0,0.0,0.0,0.0122,0.00305
2025-05-05 00:00:00+01:00,,162.61481481481482,104.28518518518518,88.23333333333333,118.37777777777778,,0.0,0.0,0.0072,0.0024
2025-05-06 00:00:00+01:00,127.74285714285713,156.05185185185184,103.23703703703704,81.54444444444444,117.14404761904761,0.0,0.0,0.0,0.0206,0.00515
2025-05-07 00:00:00+01:00,134.7,158.51111111111112,106.44444444444444,65.6962962962963,116.33796296296296,0.0,0.0,0.0,0.06,0.015
2025-05-08 00:00:00+01:00,,155.6037037037037,106.8,59.75555555555556,107.3864197530864,,0.0,0.0,0.0776,0.025866666666666666
2025-05-09 00:00:00+01:00,,164.6962962962963,111.7925925925926,56.91481481481482,111.13456790123458,,0.0,0.0,0.0866,0.028866666666666665
2025-05-10 00:00:00+01:00,158.1,168.53333333333333,115.54074074074073,56.42962962962962,124.65092592592592,0.0,0.0,0.0,0.0882,0.02205
2025-05-11 00:00:00+01:00,,166.7,114.93076923076923,55.71923076923077,112.44999999999999,,0.0,0.0,0.0905,0.030166666666666665
2025-05-12 00:00:00+01:00,158.26,170.8111111111111,117.90370370370371,56.0037037037037,125.74462962962964,0.0,0.0,0.0,0.0896,0.0224
2025-05-13 00:00:00+01:00,152.0,171.67407407407407,124.0074074074074,58.41851851851852,126.52499999999999,0.0,0.0,0.0,0.0818,0.02045
2025-05-14 00:00:00+01:00,168.9,169.51111111111112,124.58888888888889,60.98148148148148,130.99537037037038,0.0,0.0,0.0,0.0739,0.018475
2025-05-15 00:00:00+01:00,159.45999999999998,156.5423076923077,118.19999999999999,61.01538461538462,123.80442307692307,0.0,0.0,0.0,0.0738,0.01845
2025-05-16 00:00:00+01:00,157.45,150.88888888888889,115.5923076923077,59.48846153846154,120.85491452991452,0.0,0.0,0.0,0.0785,0.019625
2025-05-17 00:00:00+01:00,146.3,146.4148148148148,119.33333333333333,57.96296296296296,117.50277777777777,0.0,0.0,0.0,0.0833,0.020825
2025-05-18 00:00:00+01:00,,136.26296296296297,119.47037037037036,56.51481481481482,104.08271604938273,,0.0,0.0,0.0879,0.029300000000000003
2025-05-19 00:00:00+01:00,148.0,130.73076923076923,121.68518518518519,56.029629629629625,114.11139601139601,0.0,0.0,0.0,0.0895,0.022375
2025-05-20 00:00:00+01:00,137.8,123.73076923076923,119.74074074074075,55.22222222222222,109.12343304843306,0.0,0.0,0.0,0.0922,0.02305
2025-05-21 00:00:00+01:00,139.875,117.75925925925925,121.43076923076923,54.21153846153846,108.31914173789173,0.0,0.0,0.0,0.0956,0.0239
2025-05-22 00:00:00+01:00,127.1,112.48888888888888,118.15185185185184,53.06666666666666,102.70185185185184,0.0,0.0,0.0,0.0994,0.02485
2025-05-23 00:00:00+01:00,121.85,112.41111111111111,118.42592592592592,53.32592592592592,101.50324074074074,0.0,0.0,0.0,0.0985,0.024625
2025-05-24 00:00:00+01:00,124.10000000000001,112.94074074074075,115.52592592592592,52.7,101.31666666666668,0.0,0.0,0.0,0.1007,0.025175
2025-05-25 00:00:00+01:00,121.425,117.88888888888889,121.23703703703704,53.56666666666666,103.52939814814815,0.0,0.0,0.0,0.0977,0.024425
2025-05-26 00:00:00+01:00,130.1,123.87037037037037,126.05555555555556,55.922222222222224,108.98703703703703,0.0,0.0,0.0,0.0899,0.022475
2025-05-27 00:00:00+01:00,120.5,129.3653846153846,128.7192307692308,58.55384615384616,109.28461538461539,0.0,0.0,0.0,0.0814,0.02035
2025-05-28 00:00:00+01:00,128.05,135.14444444444445,129.9814814814815,61.34444444444444,113.6300925925926,0.0,0.0,0.0,0.0728,0.0182
2025-05-29 00:00:00+01:00,139.63333333333333,142.21153846153845,132.29615384615383,63.72692307692308,119.46698717948718,0.0,0.0,0.0,0.0657,0.016425
2025-05-30 00:00:00+01:00,134.6,150.31923076923078,134.03846153846155,66.62307692307692,121.39519230769233,0.0,0.0,0.0,0.0574,0.01435
2025-05-31 00:00:00+01:00,159.1,157.54074074074074,139.44444444444446,70.42962962962963,131.6287037037037,0.0,0.0,0.0,0.0471,0.011775
2025-06-01 00:00:00+01:00,,161.73333333333335,139.26666666666665,75.89999999999999,125.63333333333333,,0.0,0.0,0.0334,0.011133333333333334
2025-06-02 00:00:00+01:00,168.425,167.8740740740741,145.08076923076922,79.7576923076923,140.28438390313391,0.0,0.0,0.0,0.0245,0.006125
2025-06-03 00:00:00+01:00,179.36666666666667,171.30740740740742,147.34799999999998,84.36399999999999,145.59651851851854,0.0,0.0,0.0,0.0147,0.003675
2025-06-04 00:00:00+01:00,,175.33333333333334,53.32222222222222,43.903703703703705,90.85308641975308,,0.0,0.0986,0.1328,0.07713333333333333
2025-06-05 00:00:00+01:00,,181.43846153846152,1.0185185185185186,1.2111111111111112,61.22269705603038,,0.0,0.3442,0.3431,0.2291
2025-06-06 00:00:00+01:00,,183.80740740740742,12.377777777777778,12.566666666666666,69.58395061728395,,0.0,0.2805,0.2795,0.18666666666666668
2025-06-07 00:00:00+01:00,182.5,186.8,13.785185185185185,14.644444444444444,99.43240740740741,0.0,0.0,0.2728,0.2682,0.13524999999999998
2025-06-08 00:00:00+01:00,,192.55925925925928,15.074074074074074,16.374074074074073,74.66913580246914,,0.0,0.2659,0.2589,0.17493333333333336
2025-06-09 00:00:00+01:00,,175.5,4.966666666666667,10.366666666666667,63.611111111111114,,0.0,0.3218,0.2916,0.20446666666666666
2025-06-10 00:00:00+01:00,219.25,202.93809523809523,12.80952380952381,12.985714285714286,111.99583333333332,0.0112,0.0,0.2781,0.2772,0.141625
2025-06-11 00:00:00+01:00,209.9,197.17777777777778,13.665384615384616,14.576923076923077,108.83002136752137,0.0,0.0,0.2735,0.2686,0.135525
2025-06-12 00:00:00+01:00,212.8,196.17407407407407,14.72962962962963,16.40740740740741,110.02777777777779,0.0032,0.0,0.2677,0.2588,0.132425
2025-06-13 00:00:00+01:00,,200.4851851851852,16.24074074074074,18.61111111111111,78.44567901234568,,0.0,0.2596,0.2472,0.16893333333333335
2025-06-14 00:00:00+01:00,236.3,205.20740740740743,18.270370370370372,21.37037037037037,120.28703703703704,0.0338,0.0,0.249,0.233,0.12895
2025-06-15 00:00:00+01:00,,211.36666666666665,21.00740740740741,24.874074074074073,85.74938271604937,,0.0015,0.2349,0.2157,0.1507
2025-06-16 00:00:00+01:00,242.39999999999998,215.14444444444442,0.8461538461538461,1.4,114.94764957264955,0.0422,0.0061,0.3452,0.342,0.183875
2025-06-17 00:00:00+01:00,249.03333333333333,217.5851851851852,0.34814814814814815,0.28888888888888886,116.81388888888888,0.0516,0.0091,0.348,0.3484,0.18927499999999997
2025-06-18 00:00:00+01:00,228.98000000000002,211.9925925925926,0.0,0.18888888888888888,110.29037037037037,0.0239,0.0023,0.35,0.3489,0.181275
2025-06-19 00:00:00+01:00,210.21428571428572,196.38888888888889,3.096296296296296,3.4666666666666663,103.29153439153438,0.0002,0.0,0.3324,0.3303,0.16572499999999998
2025-06-20 00:00:00+01:00,168.8,12.904000000000002,0.21481481481481482,0.1037037037037037,45.50562962962963,0.0,0.2776,0.3488,0.3494,0.24395
2025-06-21 00:00:00+01:00,133.5,14.603846153846153,9.703703703703704,9.674074074074074,41.87040598290598,0.0,0.2684,0.2953,0.2954,0.21477500000000002
2025-06-22 00:00:00+01:00,,17.034615384615385,12.022222222222224,12.959259259259259,14.005365622032292,,0.2554,0.2825,0.2773,0.2717333333333333
2025-06-23 00:00:00+01:00,68.0,16.46153846153846,0.46153846153846156,1.5153846153846153,21.609615384615385,0.0536,0.2585,0.3474,0.3414,0.250225
2025-06-24 00:00:00+01:00,,16.02962962962963,6.907407407407407,4.185185185185185,9.04074074074074,,0.2608,0.3109,0.3262,0.29929999999999995
2025-06-25 00:00:00+01:00,23.625,16.574074074074073,3.0961538461538463,3.9692307692307693,11.816114672364673,0.2218,0.2579,0.3324,0.3275,0.28490000000000004
2025-06-26 00:00:00+01:00,18.1,16.181481481481484,7.748148148148148,3.951851851851852,11.49537037037037,0.2498,0.26,0.3062,0.3276,0.28590000000000004
2025-06-27 00:00:00+01:00,18.35,17.42962962962963,12.718518518518518,12.414814814814815,15.228240740740741,0.2485,0.2534,0.2786,0.2803,0.2652
2025-06-28 00:00:00+01:00,17.2,18.44074074074074,14.046153846153846,14.242307692307692,15.982300569800568,0.2546,0.2481,0.2714,0.2704,0.26112499999999994
2025-06-29 00:00:00+01:00,18.5,19.71851851851852,15.744444444444445,16.94074074074074,17.725925925925928,0.2478,0.2414,0.2623,0.2559,0.25185
2025-06-30 00:00:00+01:00,19.5,21.203703703703702,17.816,19.572,19.522925925925925,0.2426,0.2339,0.2513,0.2422,0.2425
2025-07-01 00:00:00+01:00,,23.385185185185183,20.40740740740741,21.85185185185185,21.881481481481483,,0.223,0.2379,0.2306,0.2305
2025-07-02 00:00:00+01:00,20.2,26.63703703703704,24.034615384615385,24.77692307692308,23.912143874643874,0.239,0.2072,0.2198,0.2161,0.22052499999999997
2025-07-03 00:00:00+01:00,,31.614814814814817,28.40740740740741,27.925925925925927,29.31604938271605,,0.1841,0.1988,0.2011,0.19466666666666668
2025-07-04 00:00:00+01:00,,36.79259259259259,32.770370370370365,30.925925925925927,33.49629629629629,,0.1615,0.179,0.1872,0.17590000000000003
2025-07-05 00:00:00+01:00,23.4,41.22592592592592,36.62222222222222,33.733333333333334,33.74537037037037,0.2229,0.1433,0.1623,0.1747,0.17579999999999998
2025-07-06 00:00:00+01:00,,45.55185185185186,38.8,35.82962962962963,40.06049382716049,,0.1265,0.1532,0.1656,0.14843333333333333
2025-07-07 00:00:00+01:00,,50.41481481481482,41.37407407407407,37.333333333333336,43.040740740740745,,0.1087,0.1427,0.1593,0.1369
2025-07-08 00:00:00+01:00,33.56666666666667,55.4,43.666666666666664,38.75925925925926,42.84814814814815,0.1754,0.0916,0.1337,0.1533,0.1385
2025-07-09 00:00:00+01:00,37.8,63.614814814814814,45.94444444444444,40.507407407407406,46.96666666666667,0.1573,0.066,0.125,0.1462,0.123625
2025-07-10 00:00:00+01:00,41.199999999999996,76.08888888888889,49.096296296296295,42.31481481481482,52.175,0.1434,0.033,0.1134,0.139,0.1072
2025-07-11 00:00:00+01:00,45.56,94.28888888888889,53.214814814814815,44.28148148148148,59.3362962962963,0.1264,0.0,0.0989,0.1313,0.08915000000000001
2025-07-12 00:00:00+01:00,51.13333333333333,118.88888888888889,57.8962962962963,45.92962962962962,68.46203703703704,0.1061,0.0,0.0835,0.125,0.07865
2025-07-13 00:00:00+01:00,60.650000000000006,150.65769230769232,63.007407407407406,47.24444444444444,80.38988603988605,0.0749,0.0,0.0678,0.1201,0.0657
2025-07-14 00:00:00+01:00,67.33333333333333,180.64074074074074,70.85925925925926,49.55185185185186,92.09629629629629,0.0554,0.0,0.046,0.1117,0.053274999999999996
2025-07-15 00:00:00+01:00,91.44999999999999,203.46666666666667,82.44074074074075,53.86296296296296,107.80509259259259,0.0013,0.0,0.0187,0.0967,0.029175
2025-07-16 00:00:00+01:00,109.5923076923077,215.02962962962962,98.2074074074074,60.111111111111114,120.73511396011395,0.0,0.0059,0.0,0.0765,0.0206
2025-07-17 00:00:00+01:00,57.15,81.83846153846154,28.17037037037037,4.948148148148148,43.02674501424501,0.0859,0.02,0.1999,0.3219,0.156925
2025-07-18 00:00:00+01:00,10.299999999999999,4.661538461538462,1.9407407407407407,1.2037037037037037,4.5264957264957255,0.2919,0.3235,0.339,0.3432,0.32439999999999997
2025-07-19 00:00:00+01:00,12.2,13.144444444444444,11.277777777777779,10.607407407407406,11.807407407407407,0.2815,0.2763,0.2865,0.2902,0.283625
2025-07-20 00:00:00+01:00,14.7,14.933333333333334,14.044444444444444,13.57777777777778,14.31388888888889,0.2679,0.2666,0.2714,0.274,0.26997499999999997
2025-07-21 00:00:00+01:00,0.0,3.6,2.251851851851852,1.062962962962963,1.7287037037037039,0.35,0.3296,0.3372,0.344,0.34019999999999995
2025-07-22 00:00:00+01:00,2.068421052631579,4.174074074074074,1.9777777777777776,0.9259259259259259,2.286549707602339,0.3382,0.3263,0.3388,0.3447,0.33699999999999997
2025-07-23 00:00:00+01:00,1.6666666666666667,1.962962962962963,0.9839999999999999,0.284,1.2244074074074074,0.3405,0.3388,0.3444,0.3484,0.343025
2025-07-24 00:00:00+01:00,1.8333333333333333,2.1333333333333333,0.8481481481481481,0.2111111111111111,1.2564814814814815,0.3396,0.3379,0.3452,0.3488,0.342875
2025-07-25 00:00:00+01:00,13.858333333333334,13.851851851851851,11.625925925925925,7.062962962962962,11.599768518518518,0.2724,0.2725,0.2846,0.31,0.284875
2025-07-26 00:00:00+01:00,15.488888888888889,15.68888888888889,14.414814814814815,12.4,14.498148148148148,0.2637,0.2626,0.2694,0.2804,0.26902499999999996
2025-07-27 00:00:00+01:00,16.357142857142858,17.655555555555555,16.562962962962963,13.937037037037037,16.128174603174603,0.259,0.2522,0.2579,0.272,0.26027500000000003
2025-07-28 00:00:00+01:00,4.846153846153846,9.685185185185185,5.138461538461538,1.7846153846153845,5.363603988603988,0.3225,0.2954,0.3208,0.3399,0.31965
2025-07-29 00:00:00+01:00,12.975,14.055555555555555,12.15925925925926,7.196296296296297,11.596527777777778,0.2772,0.2714,0.2817,0.3093,0.28490000000000004
2025-07-30 00:00:00+01:00,15.125,16.43076923076923,14.403703703703703,12.166666666666666,14.5315349002849,0.2656,0.2586,0.2695,0.2817,0.26885000000000003
2025-07-31 00:00:00+01:00,1.97,4.540740740740741,1.885185185185185,1.4185185185185185,2.453611111111111,0.3388,0.3242,0.3393,0.3419,0.33604999999999996
2025-08-01 00:00:00+01:00,5.2,7.733333333333333,2.659259259259259,0.3592592592592592,3.9879629629629627,0.3205,0.3062,0.3349,0.348,0.3274
2025-08-02 00:00:00+01:00,13.370833333333332,13.851851851851851,12.292592592592591,6.84074074074074,11.58900462962963,0.2751,0.2725,0.281,0.3113,0.28497500000000003
2025-08-03 00:00:00+01:00,15.194444444444445,16.237037037037037,14.466666666666667,12.066666666666666,14.491203703703704,0.2652,0.2597,0.2692,0.2822,0.26907499999999995
2025-08-04 00:00:00+01:00,17.323076923076922,19.696296296296296,16.61111111111111,13.72962962962963,16.84002849002849,0.2539,0.2416,0.2577,0.2731,0.256575
2025-08-05 00:00:00+01:00,18.175,23.5,18.344444444444445,15.38888888888889,18.852083333333333,0.2494,0.2224,0.2486,0.2642,0.24614999999999998
